EQP_NM,LNG,LAT,ALT
MH서현-0020-1U,127.1216729,37.3832447,0.0
MH정자-0008-4B,127.1082645,37.3704977,0.0
MH이매-0093-1U,127.1234064,37.4007594,0.0
MH정자-0143-1U,127.1212128,37.3638719,0.0
MH구미-0112-3B,127.1164934,37.3421114,54.067
MH수내-0036-3U,127.1161464,37.3784424,0.0
MH수내-0079-1B,127.1155459,37.3775918,0.0
MH구미-0039-1B,127.1206536,37.3500518,0.0
MH구미-0038-4B,127.1124129,37.3498901,52.721
MH정자-0138-1U,127.1055225,37.3761908,40.178
MH금곡-0173-1U,127.1053193,37.3523578,51.895
MH구미-0050-1B,127.1093019,37.3385311,55.474
MH정자-0152-1U,127.1058844,37.3689104,0.0
MH이매-0005-3B,127.1231616,37.3918715,0.0
MH이매-0006-3B,127.1232395,37.3918014,0.0
MH수내-0043-3B,127.1166953,37.3859593,0.0
MH수내-0067-1B,127.1173054,37.3806172,0.0
MH수내-0053-3U,127.1158776,37.3802271,0.0
MH야탑-0047-1U,127.1434394,37.4102286,0.0
MH수내-0100-1U,127.1243272,37.3655206,0.0
MH정자-0071-1U,127.1170273,37.358222,0.0
MH금곡-0076-3B,127.116475,37.3528177,0.0
MH금곡-0030-3B,127.1167839,37.3530704,48.508
MH구미-0055-2U,127.123943,37.348107,81.576
MH서현-0018-3B,127.123777,37.3836788,33.671
MH이매-0018-3B,127.1282138,37.4050392,0.0
MH서현-0108-1B,127.1289001,37.378443,0.0
MH서현-0012-1B,127.1287724,37.382896,0.0
MH서현-0007-1U,127.1324885,37.3778318,0.0
MH정자-0075-1U,127.1060288,37.3567871,45.901
MH정자-0122-1U,127.1066313,37.3681618,0.0
MH정자-0124-1U,127.1060296,37.3664569,0.0
MH복정-0122-3B,127.1211445,37.4638948,0.0
MH구미-0054-3B,127.1169452,37.3382585,55.902
MH구미-0056-1B,127.122623,37.3504798,56.645
MH구미-0041-1B,127.1158957,37.3447767,53.053
MH하대-0089-3B,127.1290864,37.4284437,0.0
MH성남-0088-3B,127.1286564,37.4244116,0.0
MH정자-0121-1U,127.1078396,37.371375,0.0
MH정자-0133-1U,127.1058561,37.3699406,0.0
MH정자-0024-2U,127.1056784,37.3701103,0.0
MH금곡-0113-1U,127.1110777,37.3503559,0.0
MH정자-0134-1U,127.1060553,37.3611158,44.531
MH이매-0119-1B,127.1232779,37.3920083,0.0
MH정자-0017-4B,127.1117261,37.3566946,0.0
MH정자-0031-4U,127.1176779,37.3543323,47.915
MH금곡-0029-1B,127.1153373,37.3514738,50.831
MH금곡-0032-1U,127.1092107,37.3512902,0.0
MH분당-0028-3B,127.1284624,37.3694895,0.0
MH정자-0058-1B,127.1083735,37.3700987,0.0
MH정자-0124-3B,127.1046526,37.3788754,0.0
MH정자-0123-3B,127.107254,37.3772415,0.0
MH구미-0120-3B,127.1136018,37.3420098,48.98
MH수내-0039-1B,127.1178314,37.3817259,0.0
MH복정-0123-3B,127.1215748,37.4643463,0.0
MH야탑-0037-1B,127.1421684,37.4072627,0.0
MH야탑-0036-1B,127.1417913,37.4070859,0.0
MH하대-0090-3B,127.1292397,37.4286191,0.0
MH정자-0125-1U,127.1058759,37.3663985,0.0
MH야탑-0113-1U,127.1559328,37.4099466,0.0
MH구미-0109-3B,127.1251757,37.3430553,87.702
MH구미-0150-1U,127.1110156,37.3493413,54.337
MH수내-0032-3B,127.1207338,37.3750186,0.0
MH정자-0148-1U,127.1064473,37.3656805,0.0
MH분당-0024-7B,127.1476791,37.3687287,0.0
MH정자-0110-1B,127.1059768,37.3604816,44.237
MH중앙-0015-1U,127.1543104,37.4423749,48.004
MH중앙-0016-1U,127.1520252,37.441356,46.091
MH수내-0128-3U,127.122988,37.369756,0.0
MH이매-0017-3B,127.1282336,37.4051294,0.0
MH수내-0097-1U,127.1233798,37.3725513,0.0
MH수내-0031-1B,127.1227355,37.3709687,0.0
MH수내-0030-1B,127.1230429,37.3710283,0.0
MH금곡-0022-1B,127.106535,37.3513482,52.496
MH정자-0151-1B,127.1059103,37.3640214,0.0
MH대장-0016-1B,127.0697503,37.3693747,122.316
MH신흥-0196-1B,127.1498291,37.4495423,98.407
MH신흥-0197-1B,127.1488011,37.4486776,105.51
MH신흥-0195-1U,127.14545,37.4469966,52.387
MH야탑-0188-1U,127.1458876,37.4054743,58.065
MH정자-0161-1U,127.105877,37.3687865,0.0
MH정자-0196-1U,127.1058962,37.3669035,43.377
MH정자-0197-1U,127.1064223,37.3666221,43.212
MH신흥-0167-1U,127.1542203,37.4476919,92.768
MH중앙-0018-1U,127.1455991,37.4384445,42.998
MH정자-0146-2B,127.1199783,37.3634815,71.291
MH중앙-0017-1U,127.1497288,37.4402065,46.748
MH하대-0159-1U,127.1572605,37.432169,76.136
MH동원-0006-1U,127.0745402,37.3558346,97.462
MH구미-0181-1U,127.1090062,37.3400907,56.417
MH서현-0058-1U,127.1251209,37.383691,0.0
MH정자-0061-1U,127.1186143,37.3546129,49.778
MH수내-0098-1B,127.1266044,37.372681,47.455
MH수내-0141-1B,127.1267792,37.3709261,55.322
MH구미-0174-1B,127.1099056,37.3380529,54.697
MH금광-0001-1U,127.1610939,37.4430388,106.602
MH금광-0012-1U,127.1646061,37.44425,92.242
MH금광-0008-1U,127.1680364,37.4450222,92.986
MH정자-0057-1U,127.1144948,37.3634837,62.792
MH정자-0019-1B,127.1190449,37.3628121,69.843
MH야탑-0180-1U,127.1287065,37.410771,29.573
MH금광-0006-1U,127.1638153,37.4452814,69.579
MH금곡-0036-1U,127.1092049,37.3501581,54.387
MH서현-0045-1U,127.1211372,37.3884614,33.951
MH금광-0014-1U,127.1634976,37.4423652,113.054
MH정자-0184-1U,127.1191076,37.358379,69.479
MH정자-0182-1U,127.1084803,37.3571493,45.011
MH하대-0154-1B,127.1295874,37.4283004,48.613
MH상대-0160-1U,127.1588183,37.4343574,83.509
MH하대-0153-1B,127.1290048,37.4249942,48.648
MH야탑-0127-3B,127.1429455,37.4085273,0.0
MH야탑-0124-1U,127.1421763,37.4094017,0.0
MH야탑-0126-1U,127.142648,37.4082734,0.0
MH야탑-0125-1U,127.141852,37.4088749,0.0
MH대장-0019-1B,127.0696456,37.3650176,109.625
MH대장-0013-1B,127.0677797,37.3718603,136.006
MH금광-0004-1U,127.161543,37.4445349,69.019
MH이매-0130-1B,127.1230726,37.4049054,0.0
MH서현-0013-1U,127.1251042,37.3844054,33.52
MH금곡-0166-1U,127.1101287,37.3535073,0.0
MH수내-0008-1B,127.1284589,37.3741686,0.0
MH정자-0187-1U,127.1081982,37.3566977,45.099
MH대장-0015-1U,127.0706007,37.373274,144.358
MH정자-0186-1U,127.1087221,37.3568772,44.975
MH신흥-0194-1U,127.1478983,37.4472229,97.87
MH정자-0192-1U,127.1089513,37.3570703,44.944
MH야탑-0034-1B,127.1343617,37.4076861,35.837
MH대장-0012-1B,127.0688522,37.371772,131.673
MH금곡-0190-1U,127.1154742,37.3513615,49.918
MH구미-0175-1U,127.1114325,37.3380263,53.565
MH사송-0041-1B,127.1192356,37.4179919,22.127
MH분당-0142-2B,127.1332352,37.3717931,54.02
MH야탑-0205-1U,127.138964,37.4130172,45.191
MH이매-0202-1U,127.1236133,37.3997151,31.221
MH태평-0206-1B,127.1182995,37.4438603,17.914
MH복정-0207-2B,127.1211938,37.4640366,15.511
MH이매-0199-1B,127.1228775,37.3946694,31.485
MH정자-0199-1U,127.1083005,37.360242,43.685
MH정자-0179-1B,127.1170932,37.363493,66.853
MH이매-0117-1B,127.1227722,37.3913791,0.0
MH정자-0135-1U,127.1048415,37.380602,45.914
MH신흥-0173-1U,127.1493307,37.4539445,91.635
MH서현-0068-1U,127.1261972,37.3852139,34.679
MH수내-0147-1U,127.1238351,37.3690229,59.682
MH대장-0011-1B,127.06869,37.3697667,123.593
MH야탑-0054-1U,127.1213078,37.4147085,23.5
MH구미-0163-1U,127.1080066,37.34982,55.621
MH중앙-0164-1U,127.1595362,37.4420999,108.089
MH상대-0162-1U,127.1595449,37.4400222,122.384
MH이매-0139-1U,127.126607,37.4009709,31.066
MH이매-0178-1U,127.1237658,37.3890872,33.078
MH신흥-0166-1B,127.1553305,37.4463255,74.967
MH구미-0180-1U,127.1078736,37.3396654,57.717
MH정자-0169-1B,127.1083378,37.3602644,43.8
MH서현-0014-1U,127.1303509,37.377747,0.0
MH정자-0195-0U,127.105928,37.3677846,41.132
MH이매-0201-1U,127.1236551,37.4036066,30.09
MH이매-0200-1B,127.1236416,37.3951772,32.176
MH정자-0011-1B,127.1083919,37.3646797,0.0
MH정자-0130-1U,127.1072289,37.3772989,0.0
MH정자-0017-0B,127.1158446,37.3591632,71.639
MH이매-0120-1B,127.1236665,37.3996872,0.0
MH이매-0002-1U,127.125519,37.3874545,34.292
MH야탑-0067-1U,127.1213317,37.4147679,23.443
MH도촌-0020-7U,127.166383,37.4112517,0.0
MH대장-0022-1U,127.0708411,37.3679776,118.041
MH신흥-0190-1U,127.1479631,37.4511831,69.526
MH신흥-0189-1U,127.1456219,37.4487597,57.421
MH금광-0007-1U,127.1659008,37.445708,81.484
MH이매-0010-1U,127.128528,37.3997033,30.565
MH구미-0176-1U,127.1167991,37.3447391,53.017
MH서현-0145-1U,127.1327723,37.3785358,50.709
MH서현-0143-1B,127.1235977,37.383622,33.84
MH대장-0010-1B,127.067938,37.3654994,115.299
MH동천-0003-1B,127.0882666,37.3485253,70.205
MH중앙-0019-1U,127.1456704,37.4383552,42.851
MH중앙-0020-1U,127.1464409,37.437058,57.855
MH정자-0171-1U,127.1183148,37.3547171,49.459
MH수내-0150-1U,127.1154776,37.3766928,40.189
MH이매-0179-1U,127.1242151,37.3993767,26.348
MH금곡-0035-1U,127.1088766,37.3515477,52.617
MH구미-0158-1U,127.1098564,37.3500145,54.435
MH야탑-0184-1U,127.1300915,37.4167432,30.78
MH야탑-0181-1U,127.1280932,37.4123161,29.813
MH정자-0172-1U,127.1181228,37.3546803,49.333
MH정자-0164-1U,127.10591,37.3637242,43.241
MH야탑-0136-1U,127.1497052,37.4061042,0.0
MH야탑-0137-1U,127.1527432,37.4064561,0.0
MH산성-0171-1U,127.1497506,37.4540979,110.296
MH중앙-0165-1U,127.1576619,37.4440508,80.985
MH신흥-0175-1U,127.1493168,37.4535648,111.299
MH구미-0193-1U,127.1160725,37.3469245,51.776
MH신흥-0193-1U,127.1459122,37.4479156,56.909
MH야탑-0031-1U,127.1287215,37.4132142,30.346
MH정자-0086-1U,127.1124783,37.364656,51.762
MH야탑-0186-1U,127.1283216,37.4137957,29.883
MH대장-0018-1U,127.0715466,37.3652587,114.405
MH서현-0112-1U,127.1247563,37.3831162,0.0
MH서현-0069-1U,127.1343682,37.3784867,53.142
MH이매-0185-1U,127.128016,37.3972582,32.952
MH금곡-0185-1U,127.1091218,37.3550131,46.676
MH서현-0149-1B,127.130531,37.3816375,48.416
MH금곡-0034-1U,127.1089391,37.3526433,50.652
MH신흥-0192-1U,127.1454518,37.4478996,55.137
MH신흥-0191-1U,127.1482071,37.4511298,70.643
MH신흥-0198-1U,127.1508379,37.4493582,99.929
MH여수-0150-1B,127.1181826,37.4214149,40.862
MH수내-0035-1U,127.1155289,37.3768041,40.372
MH이매-0135-1U,127.1266258,37.3962336,0.0
MH야탑-0129-1U,127.1468022,37.4066988,0.0
MH정자-0033-1B,127.1185256,37.3551168,50.58
MH대장-0009-1U,127.0677836,37.362657,106.347
MH중앙-0163-1U,127.1588348,37.4428627,97.131
MH이매-0116-1U,127.128005,37.3990621,30.643
MH정자-0122-1U,127.1082909,37.3771029,0.0
MH금광-0003-1U,127.1594917,37.4438273,75.895
MH금광-0005-1U,127.1615389,37.4446065,66.519
MH금광-0009-1U,127.1678441,37.4449392,93.863
MH금광-0010-1B,127.1690606,37.4435986,114.691
MH금광-0011-1U,127.1677385,37.443008,118.577
MH구미-0047-1U,127.1092024,37.340992,56.23
MH야탑-0128-1U,127.1426571,37.4081394,0.0
MH야탑-0022-1U,127.1279659,37.4113864,0.0
MH구미-0045-1B,127.1103054,37.3427783,50.805
MH야탑-0024-1U,127.1265907,37.4114659,0.0
MH이매-0131-3B,127.123739,37.4049817,0.0
MH상대-0161-2U,127.1581573,37.4372402,104.971
MH단대-0031-0U,127.1529505,37.4497017,119.953
MH상대-0030-0B,127.159446,37.439896,101.406
MH구미-0159-1U,127.1092365,37.3487912,0.0
MH중앙-0164-1U,127.1595795,37.4421305,108.13
MH정자-0137-1B,127.1052647,37.3759809,40.461
MH야탑-0134-1U,127.1436076,37.4061483,52.914
MH이매-0140-1B,127.1241182,37.4047664,25.27
MH이매-0142-1U,127.1259035,37.4048876,29.651
MH금곡-0177-1U,127.1089536,37.350904,53.72
MH구미-0189-1U,127.1160187,37.3519086,49.355
MH정자-0057-1U,127.1144502,37.3634921,62.678
MH구미-0191-1U,127.1154837,37.351232,50.028
MH야탑-0204-1U,127.1339177,37.4117534,45.953
MH야탑-0203-1U,127.1338778,37.4098638,40.918
MH서현-0154-1U,127.1382076,37.3723251,52.426
MH수내-0151-1U,127.1162461,37.3791793,36.513
MH금곡-0198-1U,127.1071269,37.356643,45.704
MH수내-0152-1U,127.1212889,37.3745238,41.169
MH서현-0153-1B,127.1258724,37.3807213,48.583
MH정자-0188-3B,127.1084498,37.3587647,44.108
MH금곡-0129-1U,127.1092696,37.3549502,46.32
MH서현-0132-1U,127.1210354,37.3841099,35.755
MH이매-0145-1B,127.1236879,37.4017053,30.806
MH서현-0148-1B,127.1299913,37.3812477,49.37
MH서현-0068-1U,127.1262061,37.3852044,34.695
MH서현-0146-1U,127.1305269,37.3801051,50.655
MH서현-0002-1U,127.1376807,37.3728906,51.046
MH동천-0004-1U,127.088565,37.3482862,69.99
MH동원-0002-1B,127.0951541,37.3456695,61.717
MH금광-0002-1U,127.1624253,37.4441328,79.309
MH신흥-0021-1U,127.154158,37.447742,74.015
MH이매-0133-1B,127.1239176,37.404771,0.0
MH구미-0165-1U,127.1115287,37.3495268,0.0
MH금곡-0162-1U,127.1111496,37.3505513,0.0
MH이매-0143-1B,127.1277135,37.4054143,30.467
MH정자-0178-1U,127.1168176,37.3636673,66.5
MH구미-0127-1U,127.1091218,37.3485854,0.0
MH구미-0160-1U,127.1100638,37.3490933,0.0
MH정자-0170-1U,127.1072175,37.3617426,44.512
MH구미-0052-1B,127.1133611,37.3382399,53.703
MH동원-0001-1B,127.1026484,37.3431102,56.54
MH여수-0152-1B,127.1287006,37.4208911,51.148
MH하대-0155-1U,127.1336326,37.4281981,55.952
MH신흥-0174-1U,127.148689,37.4541224,111.299
MH구미-0062-1U,127.1178573,37.3359046,65.491
MH수내-0139-1U,127.1178975,37.3773941,40.201
MH수내-0131-1U,127.1224339,37.3734612,0.0
MH이매-0177-1U,127.1241891,37.3886371,33.43
MH분당-0101-3U,127.1398783,37.3709109,0.0
MH서현-0110-3B,127.1374327,37.3698667,0.0
MH서현-0056-1U,127.1366521,37.3737858,0.0
MH수내-0125-1U,127.1177361,37.3818149,0.0
MH금곡-0103-1U,127.1055513,37.3514018,52.639
MH금곡-0102-1U,127.1059702,37.3545633,48.451
MH구미-0114-1U,127.1099112,37.349666,0.0
MH대장-0008-1U,127.0678638,37.361933,103.421
MH이매-0111-1B,127.127956,37.4022085,0.0
MH이매-0108-1B,127.1280455,37.4022839,0.0
MH정자-0006-1U,127.11686,37.3649737,0.0
MH수내-0019-1B,127.1197447,37.3804068,0.0
MH분당-0102-1U,127.1393225,37.3710864,0.0
MH야탑-0138-1U,127.154801,37.4055465,0.0
MH서현-0017-1U,127.119706,37.3849875,0.0
MH서현-0011-1B,127.1315002,37.3772338,0.0
MH정자-0149-1B,127.1070949,37.3619498,0.0
MH정자-0105-1B,127.1058424,37.3582078,47.237
MH대장-0021-1U,127.0682624,37.3651759,113.829
MH산성-0170-1U,127.1495911,37.4527184,99.419
MH산성-0168-1U,127.1517943,37.4505464,112.199
MH여수-0087-3B,127.1285975,37.4190483,0.0
MH둔전-0042-3B,127.1183019,37.4317981,0.0
MH정자-0016-1B,127.115051,37.3597553,0.0
MH하대-0157-1U,127.14602,37.4287406,61.87
MH도촌-0061-1B,127.1565742,37.4141254,0.0
MH도촌-0063-1B,127.16272,37.4116395,0.0
MH도촌-0068-1B,127.1609486,37.4121205,0.0
MH정자-0123-1U,127.1058962,37.3667039,0.0
MH구미-0089-1U,127.1176229,37.3392201,0.0
MH수내-0127-1U,127.1228521,37.3701066,0.0
MH동원-0005-1B,127.080675,37.3526952,83.224
MH신흥-0169-1U,127.1495017,37.4521128,96.482
MH이매-0004-1B,127.122739,37.3914959,0.0
MH정자-0067-1B,127.1095066,37.3654974,0.0
MH정자-0018-7B,127.1227686,37.3635129,0.0
MH분당-0140-2B,127.1455337,37.3666,87.722
MH정자-0004-1U,127.1124766,37.363532,52.982
MH이매-0091-1B,127.1230698,37.3930321,28.24
MH여수-0100-3B,127.1286266,37.4227499,0.0
MH서현-0025-3B,127.1229905,37.3855175,0.0
MH야탑-0033-1B,127.1296973,37.4137288,31.566
MH야탑-0023-1B,127.1237604,37.4123453,0.0
MH야탑-0032-2U,127.1285196,37.4145825,0.0
MH수내-0027-4B,127.1276791,37.3675806,0.0
MH대장-0007-1B,127.067949,37.361265,100.95
MH야탑-0086-3B,127.1286477,37.4145526,0.0
MH구미-0048-1B,127.1090976,37.3397144,56.168
MH정자-0074-1U,127.1059679,37.3570516,45.714
MH야탑-0038-1B,127.1415147,37.4128138,0.0
MH상대-0078-3B,127.1822697,37.4318233,0.0
MH상대-0077-3B,127.1800805,37.4318432,0.0
MH수내-0060-1U,127.1136278,37.3786508,0.0
MH정자-0013-4B,127.1097398,37.3629175,0.0
MH야탑-0121-3B,127.1268916,37.4142638,0.0
MH야탑-0097-3U,127.1474117,37.4092893,0.0
MH도촌-0064-1U,127.1510063,37.4147465,0.0
MH대장-0020-1U,127.0692475,37.3650667,110.466
MH정자-0005-4B,127.1183141,37.3635342,0.0
MH수내-0065-1U,127.1115087,37.3771725,0.0
MH서현-0104-1U,127.1257123,37.3862239,0.0
MH분당-0114-1U,127.1441699,37.3715221,0.0
MH구미-0099-1B,127.1225203,37.35065,55.633
MH구미-0098-1U,127.1226423,37.3505612,56.614
MH정자-0144-1U,127.1175271,37.3592707,0.0
MH구미-0140-1B,127.1093196,37.343332,0.0
MH도촌-0066-1B,127.151245,37.4167286,0.0
MH도촌-0056-3B,127.1506659,37.4168852,0.0
MH금곡-0107-1U,127.1082079,37.3501664,0.0
MH분당-0115-4B,127.1475572,37.3711395,0.0
MH분당-0116-4B,127.1474062,37.3682415,0.0
MH수내-0033-1B,127.1177346,37.3729247,0.0
MH정자-0082-1B,127.1103244,37.3738675,0.0
MH정자-0064-1U,127.1098947,37.3746885,0.0
MH수내-0106-2B,127.1180987,37.3815967,0.0
MH구미-0013-7U,127.1256941,37.3419221,0.0
MH구미-0010-7U,127.1186532,37.3364565,67.364
MH여수-0008-1U,127.1339122,37.4169935,0.0
MH도촌-0059-3B,127.1535984,37.4144863,0.0
MH도촌-0071-3B,127.1550999,37.4192287,0.0
MH도촌-0072-3B,127.1551647,37.4191881,0.0
MH구미-0168-1U,127.1086281,37.3486236,59.141
MH수내-0001-3B,127.1234137,37.3640192,0.0
MH정자-0002-3B,127.1168538,37.3638643,0.0
MH정자-0073-1B,127.1165956,37.3633752,0.0
MH정자-0080-3B,127.1186863,37.3611084,0.0
MH정자-0082-1U,127.1124864,37.366252,0.0
MH정자-0096-1U,127.1124848,37.3681017,0.0
MH정자-0015-1U,127.1122463,37.3633536,0.0
MH정자-0156-1U,127.1132186,37.3619079,0.0
MH정자-0157-1U,127.1133578,37.3628537,0.0
MH구미-0119-1U,127.108657,37.3471307,66.046
MH구미-0142-1U,127.1159226,37.3493203,50.734
MH정자-0115-1B,127.1198515,37.3536161,0.0
MH구미-0111-3B,127.1245094,37.345116,102.262
MH정자-0012-1B,127.1083003,37.3619586,0.0
MH구미-0084-1U,127.1073978,37.3398897,58.515
MH구미-0083-1U,127.1075886,37.3416809,58.153
MH구미-0088-3B,127.1182553,37.3342419,71.682
MH분당-0088-4B,127.138544,37.3685514,0.0
MH구미-0064-4U,127.1114015,37.3412067,55.581
MH구미-0081-1U,127.1134715,37.3448273,0.0
MH구미-0046-4B,127.1193209,37.3425865,0.0
MH구미-0049-1B,127.1103308,37.340535,55.889
MH분당-0099-3B,127.1440674,37.3705151,0.0
MH서현-0109-3B,127.1374402,37.3698197,0.0
MH정자-0141-1U,127.1128378,37.3600009,0.0
MH정자-0014-4B,127.1096476,37.3629152,0.0
MH서현-0119-1U,127.1378731,37.3721992,0.0
MH금곡-0128-1U,127.1059854,37.354066,49.151
MH구미-0131-3B,127.1162243,37.3494217,0.0
MH구미-0092-1U,127.1189715,37.3380306,56.898
MH정자-0093-4B,127.1180011,37.3538757,0.0
MH구미-0053-3B,127.1159555,37.3386468,53.206
MH정자-0069-1U,127.1060052,37.3614785,44.704
MH도촌-0053-1B,127.1480898,37.4147195,0.0
MH구미-0065-1U,127.1176225,37.3382928,54.508
MH둔전-0110-3B,127.1199617,37.4388927,0.0
MH금곡-0130-1U,127.1069661,37.3506282,53.629
MH정자-0118-1B,127.1126095,37.3578136,64.588
MH서현-0086-1U,127.1365087,37.3769429,0.0
MH서현-0059-1B,127.1379294,37.3750194,0.0
MH정자-0081-1B,127.1107988,37.3760408,0.0
MH정자-0117-3B,127.1099582,37.3730478,0.0
MH정자-0041-1B,127.1118181,37.3748543,0.0
MH정자-0003-4B,127.1183622,37.3635937,0.0
MH정자-0091-1U,127.1077367,37.3725152,0.0
MH정자-0092-1U,127.1081651,37.3744883,0.0
MH정자-0085-3B,127.1081741,37.3770032,0.0
MH정자-0093-1B,127.1058764,37.3738723,0.0
MH정자-0117-1B,127.1111223,37.3597196,49.47
MH구미-0126-1U,127.1239666,37.3474975,85.756
MH수내-0089-1B,127.1155032,37.3748017,0.0
MH금곡-0025-1U,127.1083899,37.3500789,0.0
MH정자-0138-4B,127.1240351,37.364903,0.0
MH정자-0068-1U,127.1060737,37.3667738,0.0
MH분당-0096-1U,127.142032,37.3698785,0.0
MH구미-0070-1U,127.1236475,37.3413701,75.597
MH정자-0020-1B,127.1193544,37.3613721,0.0
MH정자-0155-1U,127.1122999,37.3622505,0.0
MH금곡-0023-2U,127.1062794,37.3511848,52.82
MH상대-0019-7B,127.1797693,37.4270051,0.0
MH구미-0087-3U,127.1170118,37.3353393,0.0
MH이매-0115-1U,127.1235903,37.396329,0.0
MH서현-0023-1U,127.1249781,37.3868264,0.0
MH이매-0118-1B,127.1228761,37.3915896,0.0
MH야탑-0044-1U,127.1311508,37.4168189,0.0
MH야탑-0035-3B,127.1350485,37.4077664,0.0
MH야탑-0081-3B,127.1381508,37.4129944,0.0
MH수내-0063-3U,127.1118758,37.3773524,0.0
MH상대-0076-3B,127.179638,37.4281149,0.0
MH야탑-0107-1U,127.1266263,37.4145771,0.0
MH여수-0105-3B,127.1377111,37.4177142,0.0
MH여수-0104-1B,127.1338667,37.4185784,0.0
MH수내-0044-3B,127.1197682,37.3803583,0.0
MH수내-0029-3B,127.1244099,37.3736178,0.0
MH갈현-0075-1B,127.181726,37.4242519,0.0
MH갈현-0074-3B,127.17346,37.4223845,0.0
MH서현-0118-1U,127.1371558,37.3716691,0.0
MH야탑-0098-1B,127.1435032,37.410847,0.0
MH야탑-0052-3B,127.143217,37.4128668,0.0
MH정자-0147-1B,127.1171736,37.3662041,0.0
MH도촌-0069-1B,127.1584237,37.4137295,0.0
MH구미-0104-1B,127.1240953,37.3518167,0.0
MH구미-0043-1B,127.10873,37.3424386,0.0
MH구미-0042-3B,127.1091761,37.3467883,0.0
MH구미-0044-3B,127.1092266,37.3421122,0.0
MH여수-0109-3B,127.1181012,37.4234522,0.0
MH야탑-0106-1B,127.1310331,37.4061941,0.0
MH구미-0040-3B,127.1091845,37.3438257,0.0
MH수내-0126-3B,127.1217096,37.3693745,0.0
MH구미-0106-1U,127.1102112,37.3393841,55.097
MH야탑-0083-1B,127.1305219,37.4136207,0.0
MH서현-0111-1U,127.1325786,37.3778949,0.0
MH도촌-0092-1B,127.1539082,37.4173689,0.0
MH금곡-0167-1B,127.109738,37.3534676,0.0
MH여수-0103-1B,127.1336056,37.4187408,0.0
MH구미-0137-1U,127.1151798,37.3390736,0.0
MH수내-0038-1B,127.117955,37.3811167,0.0
MH도촌-0058-3B,127.1510594,37.4143037,0.0
MH도촌-0057-1B,127.1500345,37.4138913,0.0
MH도촌-0055-3B,127.1505231,37.4152237,0.0
MH갈현-0073-3B,127.1622145,37.4215009,0.0
MH도촌-0060-1B,127.1535293,37.4145322,0.0
MH구미-0100-3U,127.1103364,37.3395028,55.144
MH도촌-0070-1B,127.1587551,37.4140619,0.0
MH도촌-0096-1U,127.1563905,37.4172191,0.0
MH금곡-0185-1U,127.1091366,37.355024,46.698
MH수내-0037-1U,127.1153474,37.3778571,0.0
MH야탑-0029-1B,127.124988,37.4124506,0.0
MH야탑-0028-1U,127.1283718,37.4095647,0.0
MH구미-0153-1U,127.1090147,37.3387633,55.756
MH구미-0063-1U,127.1072932,37.3398487,58.592
MH이매-0202-1U,127.1233693,37.3996651,30.0637
MH구미-0066-1U,127.1216939,37.3395366,66.427
MH정자-0018-1U,127.119042,37.3588512,71.602
MH이매-0102-1B,127.1240591,37.3957078,0.0
MH정자-0095-1U,127.1167422,37.3590494,0.0
MH수내-0219-0U,127.1138348,37.3787625,0.0
MH야탑-0210-0U,127.1254575,37.4113726,29.133
MH야탑-0211-0U,127.1263848,37.4113701,29.366
MH야탑-0211-0U,127.1280901,37.4113697,0.0
MH정자-0218-0B,127.1082794,37.3713552,0.0
MH금곡-0135-1U,127.1060176,37.3531409,50.335
MH대장-0014-1B,127.068005,37.3722043,138.24
MH야탑-0187-1U,127.1459037,37.405424,58.273
MH정자-0217-0U,127.107529,37.3725118,39.874
MH금곡-0136-1U,127.112105,37.3526073,50.861
MH정자-0136-1B,127.1081005,37.3778841,38.221
MH하대-0158-1U,127.1518815,37.4301793,47.7175
MH정자-0094-1U,127.1183608,37.3548025,0.0
MH구미-0154-1B,127.1212165,37.339506,65.594
MH정자-0007-3U,127.1078574,37.3714684,0.0
MH구미-0051-1U,127.1102501,37.3379339,54.242
MH구미-0051-0U,127.1102596,37.3379267,54.238
MH정자-0108-1U,127.1058611,37.3691126,0.0
MH정자-0213-0U,127.1082346,37.3736608,0.0
MH정자-0213-0U,127.1082444,37.3736693,0.0
MH정자-0214-0U,127.1083213,37.3736615,0.0
MH정자-0214-0U,127.1083315,37.3736675,0.0
MH정자-0215-0B,127.108472,37.3750699,0.0
MH정자-0216-0B,127.1085375,37.3718669,0.0
MH정자-0209-0U,127.1059662,37.3695033,41.37
MH정자-0209-0U,127.1061001,37.3700426,41.394
MH정자-0209-0U,127.1060009,37.3689392,41.41
MH서현-0120-1U,127.1218772,37.3831939,0.0
MH구미-0132-1B,127.1237078,37.3418725,76.358
MH서현-0016-1B,127.1232926,37.3836464,0.0
MH수내-0071-1B,127.1216154,37.367853,0.0
MH서현-0133-1U,127.1214769,37.3851525,35.175
MH대장-0017-1B,127.0706453,37.3682534,118.828
MH여수-0151-1U,127.1247555,37.4215298,44.447
MH수내-0076-2B,127.1281622,37.3681519,68.016
MH금곡-0183-1U,127.1087488,37.3555941,45.539
MH금광-0013-1U,127.1630329,37.4431166,98.502
MH수내-0015-1U,127.1202072,37.3808115,37.84
MH서현-0024-3B,127.1232371,37.3856897,0.0
MH도촌-0065-1U,127.1509291,37.4157023,0.0
MH정자-0090-1B,127.1097815,37.3642062,0.0
MH이매-0114-1U,127.1236458,37.3964962,0.0
MH정자-0145-3B,127.108247,37.3656401,0.0
MH구미-0101-1U,127.1103777,37.3397608,55.556
MH야탑-0039-4U,127.1467895,37.4055297,0.0
MH서현-0134-1U,127.1261009,37.3859681,34.844
MH하대-0156-1U,127.1405374,37.4281561,59.764
MH구미-0220-0U,127.1238646,37.3481759,81.138
MH도촌-0062-1B,127.1599607,37.4127979,0.0
MH야탑-0030-3B,127.1239538,37.4126169,0.0
MH야탑-0208-0B,127.1376689,37.4077767,0.0
MH이매-0212-0B,127.122338,37.3922261,28.515
MH야탑-0079-3B,127.1199549,37.4150121,0.0
MH태평-0043-3B,127.1183196,37.4462751,0.0
MH서현-0083-3B,127.1258742,37.3841206,0.0
MH서현-0010-4B,127.1282128,37.384729,0.0
MH야탑-0112-1U,127.1228409,37.4092902,0.0
MH수진-0095-1U,127.1239422,37.4388982,0.0
MH태평-0094-1U,127.119924,37.4409913,0.0
MH이매-0049-1B,127.1239865,37.4047781,0.0
MH사송-0040-1B,127.1193156,37.4180495,0.0
MH야탑-0046-3B,127.1229341,37.409772,0.0
MH야탑-0045-1B,127.1202267,37.4111801,0.0
MH야탑-0026-1B,127.1265485,37.4121263,0.0
MH야탑-0021-1U,127.1266136,37.4114835,0.0
MH야탑-0020-3B,127.1282828,37.4099192,0.0
MH서현-0021-4U,127.1214975,37.3834668,0.0
MH서현-0046-1U,127.121574,37.3834477,0.0
MH서현-0022-1U,127.1214585,37.383439,0.0
MH서현-0087-1U,127.1232827,37.3882825,0.0
MH이매-0003-1B,127.1227779,37.3913339,0.0
MH서현-0047-2B,127.1229784,37.3840896,0.0
MH서현-0074-1B,127.1246085,37.381796,0.0
MH수내-0103-1U,127.118861,37.3817873,0.0
MH수내-0034-1U,127.1190024,37.3825119,0.0
MH서현-0057-1U,127.1370915,37.3732564,0.0
MH서현-0003-3B,127.1309284,37.3752146,0.0
MH서현-0095-1B,127.1309945,37.3760471,0.0
MH이매-0001-1B,127.1265452,37.3869229,0.0
MH이매-0084-3B,127.1278901,37.3927523,0.0
MH이매-0085-3B,127.1280068,37.3952981,0.0
MH분당-0026-4B,127.135575,37.3707276,0.0
MH서현-0004-3B,127.1331078,37.3768708,0.0
MH분당-0072-4B,127.1456349,37.373335,0.0
MH구미-0077-1U,127.1144356,37.3379429,53.753
MH금곡-0028-3B,127.1149379,37.3513563,50.472
MH정자-0139-1U,127.105427,37.3709352,0.0
MH분당-0054-4B,127.1431897,37.3660558,0.0
MH서현-0094-1U,127.1325066,37.3774682,0.0
MH서현-0009-1B,127.1272864,37.3798644,0.0
MH분당-0001-3U,127.1469183,37.3720164,0.0
MH서현-0005-1B,127.1356155,37.379467,0.0
MH서현-0121-2B,127.135241,37.3799009,0.0
MH서현-0073-4B,127.1378983,37.3774848,0.0
MH서현-0075-1B,127.1310434,37.3755674,0.0
MH서현-0113-3U,127.1343632,37.3726454,0.0
MH구미-0116-1U,127.1076082,37.3457796,68.639
MH수내-0129-1U,127.1243645,37.3684358,0.0
MH수내-0078-1U,127.1157165,37.3781403,0.0
MH야탑-0051-1B,127.1273257,37.41246,0.0
MH수내-0107-1U,127.11685,37.3803657,0.0
MH정자-0091-1U,127.1124917,37.3674019,0.0
MH야탑-0144-3U,127.1271989,37.4054796,29.825
MH이매-0141-1B,127.1252864,37.4048113,28.535
MH구미-0194-1U,127.1161224,37.3468221,51.705
MH이매-0132-1B,127.1237041,37.4040675,0.0
MH여수-0099-3B,127.1286129,37.4207762,0.0
