EQP_NM,MNHL_LT,MNHL_BT,MNHL_HG,ENTRC_DP,STTUS_GRAD,LC_DC,INSTL_DE,LNG,LAT,ALT
MH서현-0020-1U,1.3,1.3,0.5,0.5,B,성남시 분당구 서현동 266-2지번 서현역세권 퍼스트타워 주차장 입구 도로,19951130,127.1216729,37.3832447,0.0
MH정자-0008-4B,1.3,1.8,2.3,0.1,B,성남시 분당구 정자동 95-1지번 분당클리닉 맞은편 도로,19951231,127.1082645,37.3704977,0.0
MH이매-0093-1U,1.2,1.2,1.2,0.2,A,성남시 분당구 이매동 133번지 아름마을 두산삼호아파트 421동 옆 녹지,19931231,127.1234064,37.4007594,0.0
MH정자-0143-1U,1.0,1.0,0.5,1.0,A,성남시 분당구 정자동 109-2지번 한솔마을 청구APT 내 청구코아상가 앞 보증보도,20140303,127.1212128,37.3638719,0.0
MH구미-0112-3B,2.7,5.5,2.6,0.6,A,성남시 분당구 구미동 111번지 207동 건너 구미교보도,19951231,127.1164934,37.3421114,54.067
MH수내-0036-3U,1.6,2.0,0.4,0.7,A,성남시 분당구 수내동 6-10 수내역 수내고가차도B 육교 앞 보도,19931231,127.1161464,37.3784424,0.0
MH수내-0079-1B,2.6,2.9,1.6,0.2,B,성남시 분당구 수내동 40-4지번 수내역 서현동 방향 공항버스 정류장 앞 도로,20080331,127.1155459,37.3775918,0.0
MH구미-0039-1B,2.7,3.4,0.8,0.4,B,성남시 분당구 구미동 미금교상류 50M지점,20180407,127.1206536,37.3500518,0.0
MH구미-0038-4B,1.3,2.6,1.5,0.2,A,성남시 분당구 구미동 66 신원아파트 308동 옆 단지 밖 보도,19951231,127.1124129,37.3498901,52.721
MH정자-0138-1U,1.7,1.7,0.5,0.3,A,현대중공업 입구,20210908,127.1055225,37.3761908,40.178
MH금곡-0173-1U,1.2,1.2,1.2,0.4,A,금곡동 청솔마을 분당하우스토리 앞,20210520,127.1053193,37.3523578,51.895
MH구미-0050-1B,1.5,1.5,1.3,0.6,A,성남시 분당구 구미동 185-5번지 사이보도길,20060804,127.1093019,37.3385311,55.474
MH정자-0152-1U,1.0,1.0,1.5,1.5,A,성남시 분당구 정자동 96-1지번 정자역 분당현대아이파크 3단지 앞 도로,20160510,127.1058844,37.3689104,0.0
MH이매-0005-3B,2.7,2.5,2.2,0.2,B,성남시 분당구 이매동 122번지 이매촌 금강아파트 104동 옆 탄천 1 지하보도 앞,20121025,127.1231616,37.3918715,0.0
MH이매-0006-3B,2.7,2.4,3.0,0.2,B,성남시 분당구 이매동 122번지 이매촌 금강아파트 104동 옆 탄천 1 지하보도 앞 자전거도로,20121025,127.1232395,37.3918014,0.0
MH수내-0043-3B,3.7,3.4,2.8,0.5,B,성남시 분당구 분당동 44번지 황새울공원 탄천 건너편 서현교 옆 녹지,20190510,127.1166953,37.3859593,0.0
MH수내-0067-1B,2.3,2.3,2.5,0.2,A,성남시 분당구 수내동 40-5 수내역 경동빌딩 앞 1차선 도로,20050614,127.1173054,37.3806172,0.0
MH수내-0053-3U,2.0,1.6,1.5,0.5,A,성남시 분당구 수내동 40-5 수내역 SKT 빌딩 앞 도로,20160510,127.1158776,37.3802271,0.0
MH야탑-0047-1U,1.0,1.0,4.0,0.0,A,성남시 분당구 야탑동 220-3번지 야탑동 차의과대학 옆 녹지,20160804,127.1434394,37.4102286,0.0
MH수내-0100-1U,1.0,1.0,0.8,0.0,B,성남시 분당구 수내동 69-1지번 푸른마을 푸른마을삼거리 앞 도로,20150805,127.1243272,37.3655206,0.0
MH정자-0071-1U,1.1,1.3,0.5,0.0,B,성남시 분당구 정자동 208지번 분당도서관(계원예고 옆) 앞 도로,20000331,127.1170273,37.358222,0.0
MH금곡-0076-3B,3.1,3.3,4.1,0.0,A,성남시 분당구 금곡동 132번지 청솔동아1002동 밖 녹지,20170810,127.116475,37.3528177,0.0
MH금곡-0030-3B,2.9,1.3,3.5,0.2,A,성남시 분당구 금곡동 132번지 1002동 밖 보도,20170810,127.1167839,37.3530704,48.508
MH구미-0055-2U,1.2,2.3,2.2,0.6,B,성남시 분당구 구미동 297-1지번 한국장애인고용공단 앞 도로중앙차선,19951231,127.123943,37.348107,81.576
MH서현-0018-3B,3.2,3.2,2.0,0.5,A,경기도 성남시 분당구 서현동 280-2번지,20220518,127.123777,37.3836788,33.671
MH이매-0018-3B,3.2,2.5,2.6,1.2,A,성남시 분당구 이매동 99번지 이매촌 삼환아파트 1101동 옆 놀이터 밖 녹지,20150805,127.1282138,37.4050392,0.0
MH서현-0108-1B,3.0,1.7,2.2,0.7,A,성남시 분당구 서현동 92-1지번 분당초등학교 한전박스 밖 보도,20160804,127.1289001,37.378443,0.0
MH서현-0012-1B,1.8,1.4,1.1,0.4,A,성남시 분당구 서현동 87-1지번 시범단지 내 서현초등학교 담장 밖 도로측구,20160510,127.1287724,37.382896,0.0
MH서현-0007-1U,1.0,1.0,0.9,0.0,A,성남시 분당구 서현동 95번지 시범단지 우성프라자 앞 보도(사우나 입구 쪽),20160804,127.1324885,37.3778318,0.0
MH정자-0075-1U,2.0,1.2,0.7,0.3,A,성남시 분당구 정자동 178-6번지 정문 앞 횡단보도 내,20020430,127.1060288,37.3567871,45.901
MH정자-0122-1U,1.0,1.0,0.3,0.4,A,성남시 분당구 정자동 98-1지번 정자역 젤존타워/파라곤 오피스텔 사이 보증보도,20050614,127.1066313,37.3681618,0.0
MH정자-0124-1U,1.0,1.0,0.4,0.3,A,성남시 분당구 정자동 96-1지번 정자역 SK C&C 앞 도로,20050614,127.1060296,37.3664569,0.0
MH복정-0122-3B,4.2,3.7,2.9,1.2,B,성남시 수정구 오야동 44-2번지 복정가압장 강남-&gt;분당,20180806,127.1211445,37.4638948,0.0
MH구미-0054-3B,2.9,2.1,2.2,0.8,A,성남시 분당구 구미동 220번지 무지개 주공404동 뒤 보도,19951231,127.1169452,37.3382585,55.902
MH구미-0056-1B,1.3,1.3,2.1,0.5,B,성남시 분당구 구미동 300번지 도로측구(건너편),19951231,127.122623,37.3504798,56.645
MH구미-0041-1B,3.0,1.8,1.4,0.6,A,성남시 분당구 구미동 115번지 오리초 옆 녹지,19951231,127.1158957,37.3447767,53.053
MH하대-0089-3B,2.5,2.1,2.0,0.4,A,성남시 중원구 성남동 1873-3지번 모란프라젠 상가 건너편 녹지(외곽고속도로진입로),20100324,127.1290864,37.4284437,0.0
MH성남-0088-3B,3.0,2.0,1.4,0.3,B,성남시 분당구 성남동 1992번지 전철차량기지 옆 성남대로 버스전용 차로,20100324,127.1286564,37.4244116,0.0
MH정자-0121-1U,1.0,1.0,0.4,0.0,A,성남시 분당구 정자동 95-1지번 정자역 두산 파빌리온 입구 도로 옆 펜스 아래,20050614,127.1078396,37.371375,0.0
MH정자-0133-1U,1.0,1.0,0.4,0.0,A,성남시 분당구 정자동 96-1 정자동 샹떼뷰리젠시 안경점 앞 보도,20030530,127.1058561,37.3699406,0.0
MH정자-0024-2U,1.9,1.2,1.6,0.2,B,성남시 분당구 정자동 96-4지번 정자역 상떼뷰리젠시 사이 보증보도,19951231,127.1056784,37.3701103,0.0
MH금곡-0113-1U,0.8,0.8,0.3,0.1,A,"성남시 분당구 금곡동 152번지 미금역 내 동양프라자, 썬프라자 사이 보증보도",20180806,127.1110777,37.3503559,0.0
MH정자-0134-1U,1.7,0.7,0.4,0.1,A,성남시 분당구 정자동 186-1지번 정자역 아데나루체 B동 옆 도로,20020430,127.1060553,37.3611158,44.531
MH이매-0119-1B,2.6,3.3,2.4,0.5,B,성남시 분당구 이매동 122번지 이매촌 금강1단지아파트104동 뒤 탄천녹지 (MH-A-005 번 옆),20180806,127.1232779,37.3920083,0.0
MH정자-0017-4B,3.2,5.0,1.2,0.5,B,성남시 분당구 구미동 124번지 청솔중 건너 탄천,20170810,127.1117261,37.3566946,0.0
MH정자-0031-4U,1.2,2.2,2.8,1.0,A,성남시 분당구 정자동 215지번 분당더샵파크리버 옆 탄천법면 녹지(구. 가스공사),19951231,127.1176779,37.3543323,47.915
MH금곡-0029-1B,2.1,2.2,3.7,3.7,A,성남시 분당구 금곡동 133지번 청솔주공9단지 아파트 902동 놀이터 단지 밖 화단,19951231,127.1153373,37.3514738,50.831
MH금곡-0032-1U,1.0,1.0,0.6,0.0,A,성남시 분당구 금곡동 159지번 한국프라자 GS25 편의점 앞 보도(성남대로 쪽),20180806,127.1092107,37.3512902,0.0
MH분당-0028-3B,2.0,3.8,2.5,0.7,B,성남시 분당구 분당동 65-3지번 샛별삼거리 옆 도로,20200305,127.1284624,37.3694895,0.0
MH정자-0058-1B,7.0,2.9,1.6,0.1,A,성남시 분당구 정자동 99-4지번 제니스타워 맞은편 법면 녹지,19951231,127.1083735,37.3700987,0.0
MH정자-0124-3B,2.4,2.3,1.5,0.5,A,경기도 성남시 정자동 4-6 성남축구센터,20200305,127.1046526,37.3788754,0.0
MH정자-0123-3B,2.4,2.3,1.6,0.4,A,경기도 성남시 정자동 4-6 한국잡월드정문,20200305,127.107254,37.3772415,0.0
MH구미-0120-3B,3.5,4.3,2.3,0.4,B,성남시 분당구 구미동 99 수지하수종말처리장 옆 동막천,20190510,127.1136018,37.3420098,48.98
MH수내-0039-1B,2.7,3.0,3.2,1.3,A,성남시 분당구 수내동 44 펀스테이션 뒤 분당천 녹지 법면 위,20150805,127.1178314,37.3817259,0.0
MH복정-0123-3B,3.4,3.0,2.8,1.2,B,성남시 수정구 오야동 44-2번지 복정가압장 분당->강남방면,20180806,127.1215748,37.4643463,0.0
MH야탑-0037-1B,2.0,3.0,2.1,0.4,A,성남시 분당구 야탑동 166번지 주공1단지APT 102동 옆 보도(우레탄),20140805,127.1421684,37.4072627,0.0
MH야탑-0036-1B,2.5,3.5,2.3,0.2,B,성남시 분당구 야탑동 166번지 목련마을 주공1단지APT 102동 뒤 보도(소고),19931231,127.1417913,37.4070859,0.0
MH하대-0090-3B,3.0,2.3,2.5,0.3,B,성남시 중원구 성남동 1873-3번지 모란프라젠 상가 건너편 도로(외곽고속도로진입로),20100324,127.1292397,37.4286191,0.0
MH정자-0125-1U,1.0,1.0,0.3,0.4,A,성남시 분당구 정자동 96-1지번 정자역 인텔리지오피스텔 앞 도로,20050614,127.1058759,37.3663985,0.0
MH야탑-0113-1U,1.0,1.0,0.5,0.0,A,성남시 분당구 야탑동 132 할렐루야교회 주차장 입구,20180806,127.1559328,37.4099466,0.0
MH구미-0109-3B,3.3,2.2,1.9,0.5,B,성남시 분당구 구미동 278-1지번 빌라드와이 건너 정류장 앞 도로,20180407,127.1251757,37.3430553,87.702
MH구미-0150-1U,1.0,1.0,0.6,0.0,A,성남시 분당구 구미동 29-2번지 성음교회 옆 보도,20160804,127.1110156,37.3493413,54.337
MH수내-0032-3B,2.3,1.8,1.5,0.5,A,성남시 분당구 수내동 36번지 양지마을 청구APT 213동 옆 도로,19931231,127.1207338,37.3750186,0.0
MH정자-0148-1U,1.5,1.5,1.5,0.3,A,성남시 분당구 정자동 96-1지번 정자역 킨스타워 주차장 입구 앞 도로,20160804,127.1064473,37.3656805,0.0
MH분당-0024-7B,3.1,1.9,1.6,0.4,A,성남시 분당구 분당동 132지번 분당동 요한성당 옆 보도,20150806,127.1476791,37.3687287,0.0
MH정자-0110-1B,2.2,1.0,2.0,0.4,A,성남시 분당구 정자동 186-1지번 정자역 효성벤츠전시장 옆 도로,20060614,127.1059768,37.3604816,44.237
MH중앙-0015-1U,1.5,1.3,0.8,0.0,A,경기도 성남시 중원구 중앙동 2302 송원이발 앞,20210607,127.1543104,37.4423749,48.004
MH중앙-0016-1U,1.4,1.4,1.2,0.0,A,코오롱아파트 303동 앞,20220621,127.1520252,37.441356,46.091
MH수내-0128-3U,1.5,1.0,1.1,0.4,A,성남시 분당구 수내동 126-2지번 푸른마을 그랜드프라자 옆 일방통행로,20190510,127.122988,37.369756,0.0
MH이매-0017-3B,3.2,2.5,2.8,1.0,A,성남시 분당구 이매동 99번지 이매촌 삼환아파트 1101동 옆 놀이터 밖 녹지,20150805,127.1282336,37.4051294,0.0
MH수내-0097-1U,1.0,1.0,0.6,0.0,A,성남시 분당구 수내동 52지번 파크타운 서안APT 동산유치원 앞 도로,19931231,127.1233798,37.3725513,0.0
MH수내-0031-1B,2.7,2.2,1.8,0.5,A,성남시 분당구 수내동 69-2 파크타운 돌고래상가 앞 도로,20140805,127.1227355,37.3709687,0.0
MH수내-0030-1B,2.7,2.2,2.2,0.5,A,성남시 분당구 수내동 52 파크타운 동신코아 맞은편 보도,19931231,127.1230429,37.3710283,0.0
MH금곡-0022-1B,2.3,1.5,2.3,0.4,A,성남시 분당구 구미동 172 미금역씨티밸리 옆 도로,19951231,127.106535,37.3513482,52.496
MH정자-0151-1B,2.0,2.0,1.6,0.4,A,성남시 분당구 정자동 96-1지번 정자역 뉴본타워 앞 도로,20160510,127.1059103,37.3640214,0.0
MH대장-0016-1B,3.0,3.0,1.4,0.0,A,"148-7번지 대장초,중 앞",20200623,127.0697503,37.3693747,122.316
MH신흥-0196-1B,2.5,3.5,2.0,0.8,A,산성역 자이푸르지오 2단지 202동 뒤 도로 (sec#06),20230113,127.1498291,37.4495423,98.407
MH신흥-0197-1B,2.5,3.8,1.3,1.2,A,산성역 자이푸르지오 2단지 뒤  공영주차장앞 (sec#07),20230203,127.1488011,37.4486776,105.51
MH신흥-0195-1U,2.3,2.0,0.8,0.4,A,산성역 자이푸르지오 1단지 상가앞도로  450A  (sec#4),20230601,127.14545,37.4469966,52.387
MH야탑-0188-1U,1.2,1.2,0.8,0.0,A,상탑초등학교앞 350A (매인관),20231024,127.1458876,37.4054743,58.065
MH정자-0161-1U,1.6,1.0,1.0,0.0,A,경기도 성남시 정자동 96-1 경기 성남시 분당구 정자동 아이파크301동앞,20200305,127.105877,37.3687865,0.0
MH정자-0196-1U,1.5,1.2,1.0,0.0,A,성남시 분당구 정자동 96-1 국립국제교육원 앞 정자일로 2차로,20240520,127.1058962,37.3669035,43.377
MH정자-0197-1U,1.2,1.2,0.6,0.0,A,성남시 분당구 정자동 96-1 아름방송~킨스타워 사이 도로 횡단보도 옆,20240429,127.1064223,37.3666221,43.212
MH신흥-0167-1U,0.9,0.9,0.3,0.0,A,훼밀리웰빙아파트 건너 1차로 내,20180807,127.1542203,37.4476919,92.768
MH중앙-0018-1U,1.2,1.6,1.4,0.0,A,코오롱아파트 112동 상가 앞 사거리,20220416,127.1455991,37.4384445,42.998
MH정자-0146-2B,5.1,4.2,3.1,0.5,A,SEC#37정든마을우성4단지405동앞도로,20211016,127.1199783,37.3634815,71.291
MH중앙-0017-1U,1.4,1.1,1.0,0.0,A,코오롱아파트 401동 앞 보도,20210415,127.1497288,37.4402065,46.748
MH하대-0159-1U,2.6,2.0,0.5,0.4,A,둔촌대로 모란방향 버스정류장앞,20200513,127.1572605,37.432169,76.136
MH동원-0006-1U,2.2,2.3,0.5,0.0,A,243-1번지 동원2교 ~ 고가로,20191130,127.0745402,37.3558346,97.462
MH구미-0181-1U,2.1,1.4,1.0,0.0,A,경기도 성남시 분당구 구미동 197-1번지,20221212,127.1090062,37.3400907,56.417
MH서현-0058-1U,1.0,1.8,0.6,0.8,B,성남시 분당구 서현동 88번지 서현지엔느 앞 보도,19931231,127.1251209,37.383691,0.0
MH정자-0061-1U,1.1,1.4,0.7,0.2,A,정자동 동화주유소(성시교회),20220422,127.1186143,37.3546129,49.778
MH수내-0098-1B,2.3,3.0,1.4,0.5,A,"SEC#16 수내중학교 앞 중앙공원 뒤 (샛별마을우방아파트 302,305동 사이 앞 도로변)",20210506,127.1266044,37.372681,47.455
MH수내-0141-1B,2.1,1.5,1.1,0.5,A,SEC#16 수내중학교 앞 중앙공원 뒤 (수내중학교 뒤 도로변),20210507,127.1267792,37.3709261,55.322
MH구미-0174-1B,2.5,3.0,2.2,0.0,A,SEC#40 오리삼거리,20201127,127.1099056,37.3380529,54.697
MH금광-0001-1U,1.6,2.0,1.2,0.0,A,대림아파트 109동  단남초교 사이,20220304,127.1610939,37.4430388,106.602
MH금광-0012-1U,2.0,1.6,1.3,0.0,A,대림아파트 604동 302동 사이,20211124,127.1646061,37.44425,92.242
MH금광-0008-1U,2.0,2.5,1.7,0.0,A,대림아파트 401동 옆 파출소 부지 앞,20220119,127.1680364,37.4450222,92.986
MH정자-0057-1U,2.6,2.7,1.0,0.4,A,SEC#37 신기사거리KFC앞 도로(R-라인),20220720,127.1144948,37.3634837,62.792
MH정자-0019-1B,4.1,3.7,2.9,0.4,A,SEC#36정든마을사거리버스정류장앞도로,20220825,127.1190449,37.3628121,69.843
MH야탑-0180-1U,2.5,2.6,0.7,0.4,A,SEC#30 성남터미널(아미고타워우리은행앞)도로,20221207,127.1287065,37.410771,29.573
MH금광-0006-1U,1.1,1.6,0.8,0.0,A,대림아파트 603동 앞,20220317,127.1638153,37.4452814,69.579
MH금곡-0036-1U,1.2,1.2,0.2,0.4,A,금곡동 미금역2번출구,20220520,127.1092049,37.3501581,54.387
MH서현-0045-1U,0.8,1.3,0.7,0.5,A,서현동 제생병원 앞,20211227,127.1211372,37.3884614,33.951
MH금광-0014-1U,1.4,1.2,1.6,0.0,A,대림아파트 305동 202동 사이 언덕 위,20220318,127.1634976,37.4423652,113.054
MH정자-0184-1U,1.2,1.2,1.1,0.0,A,경기도 성남시 분당구 정자동 257-5번지 이마트 분당점 야외주차장 앞 도로(2차로),20220831,127.1191076,37.358379,69.479
MH정자-0182-1U,2.0,2.0,0.8,0.0,A,경기도 성남시 분당구 정자동 188-1번지 금곡공원 앞 도로(성남대로 1차로),20221027,127.1084803,37.3571493,45.011
MH하대-0154-1B,3.3,3.6,2.8,0.4,A,21번지 성남대로 란방향 3차로,20191011,127.1295874,37.4283004,48.613
MH상대-0160-1U,2.6,2.0,0.4,0.4,A,3000 희망로 정동진수산 앞 1차로,20191222,127.1588183,37.4343574,83.509
MH하대-0153-1B,3.2,3.8,2.0,0.8,A,521-3 성남대로 모란방향 3차로,20181103,127.1290048,37.4249942,48.648
MH야탑-0127-3B,3.2,3.2,2.6,1.0,A,경기도 성남시 야탑동 264-4번지 삼정바움A뒤,20200305,127.1429455,37.4085273,0.0
MH야탑-0124-1U,0.0,0.0,0.2,0.0,A,경기도 성남시 야탑동 324-1번지 건영1차922동옆,20200305,127.1421763,37.4094017,0.0
MH야탑-0126-1U,0.0,0.0,0.2,0.0,A,경기도 성남시 야탑동 197-2번지 삼정바움하우스앞,20200305,127.142648,37.4082734,0.0
MH야탑-0125-1U,0.0,0.0,0.2,0.0,A,경기도 성남시 야탑동 324-1번지 건영1차922동옆,20200305,127.141852,37.4088749,0.0
MH대장-0019-1B,2.0,2.0,1.9,0.0,A,"245-6번지 공공 1,2 앞",20200926,127.0696456,37.3650176,109.625
MH대장-0013-1B,2.9,3.0,2.1,0.0,A,107-1번지 현대 6블럭 진입로 앞,20200522,127.0677797,37.3718603,136.006
MH금광-0004-1U,1.0,1.0,1.8,0.0,A,대림아파트 107동 앞,20220520,127.161543,37.4445349,69.019
MH이매-0130-1B,2.2,2.2,1.8,1.8,A,성남시 분당구 이매동 152-3번지 아름빌딩 앞 도로주차장,20200305,127.1230726,37.4049054,0.0
MH서현-0013-1U,1.6,1.8,1.5,0.4,A,경기도 성남시 분당구 서현동 280-2번지,20220616,127.1251042,37.3844054,33.52
MH금곡-0166-1U,1.2,1.5,1.2,1.2,A,청솔주공609동앞,20201228,127.1101287,37.3535073,0.0
MH수내-0008-1B,3.7,3.0,2.8,2.8,A,샛별마을 라이프APT 101동 건너편 보도(중앙공원),20201228,127.1284589,37.3741686,0.0
MH정자-0187-1U,1.4,1.8,1.2,0.4,A,경기도 성남시 분당구 정자동 188-2번지,20230426,127.1081982,37.3566977,45.099
MH대장-0015-1U,2.0,2.0,1.8,1.8,A,38-16번지 대우A1 앞,20201117,127.0706007,37.373274,144.358
MH정자-0186-1U,0.9,0.9,0.9,0.2,A,경기도 성남시 분당구 정자동  183-1번지,20230507,127.1087221,37.3568772,44.975
MH신흥-0194-1U,1.8,1.8,1.5,1.5,A,산성역 자이푸르지오 1단지 출입구앞(sec#07-1),20230116,127.1478983,37.4472229,97.87
MH정자-0192-1U,1.5,1.5,1.3,1.3,A,금곡공원내  보도 스포츠센터 (SEC#10),20221113,127.1089513,37.3570703,44.944
MH야탑-0034-1B,3.0,2.5,2.5,0.5,A,야탑동 야탑8교 앞,20210317,127.1343617,37.4076861,35.837
MH대장-0012-1B,2.7,3.0,2.5,0.0,A,산19-42번지 현대 6블럭 앞,20201117,127.0688522,37.371772,131.673
MH금곡-0190-1U,1.6,1.9,0.9,0.9,A,SEC#29 까치마을우성 (까치대우롯데선경아파트 103동 앞 도로 유턴차선),20230330,127.1154742,37.3513615,49.918
MH구미-0175-1U,1.2,1.2,0.2,0.5,A,SEC#40 오리삼거리 (상우스타우스 오피스텔 라면가게 앞),20210614,127.1114325,37.3380263,53.565
MH사송-0041-1B,3.3,3.0,2.5,2.5,A,SEC#32 분당수서간 탄천(탄천길 분당연세요양병원에서 약300M 지점 녹지),20201221,127.1192356,37.4179919,22.127
MH분당-0142-2B,5.0,4.2,3.3,3.3,A,SEC#11장안사거리 동성아파트 208동앞 도로,20210717,127.1332352,37.3717931,54.02
MH야탑-0205-1U,1.2,1.2,0.9,0.9,A,성남시 분당구 야탑동 488-5 중탑초등학교 방면 중탑사거리 인근 도로,20231206,127.138964,37.4130172,45.191
MH이매-0202-1U,1.0,1.0,0.9,0.5,A,성남시 분당구 이매동 152-2 아름마을.방아다리사거리 정류장~방아다리사거리 사이 도로,20231030,127.1236133,37.3997151,31.221
MH태평-0206-1B,2.8,3.3,2.8,0.9,A,성남시 수정구 태평동 7003-13 태평물놀이장 근처 탄천 도보 옆,20230221,127.1182995,37.4438603,17.914
MH복정-0207-2B,3.4,2.6,2.9,2.0,A,성남시 수정구 복정동 388-1 탄천대교 밑 복정가압장 앞,20240425,127.1211938,37.4640366,15.511
MH이매-0199-1B,2.8,1.8,2.2,0.7,A,성남시 분당구 이매동 153-2 아름마을7단지 효성아파트 정문 옆 도로,20240628,127.1228775,37.3946694,31.485
MH정자-0199-1U,1.0,1.0,1.1,1.4,A,성남시 분당구 정자동 95-1 삼성아데나팰리스 건너편 성남대로 도로3차선,20230508,127.1083005,37.360242,43.685
MH정자-0179-1B,5.1,4.2,3.6,3.6,A,SEC#47한솔마을주공아파트근린상가(양지부동산)앞도로,20211213,127.1170932,37.363493,66.853
MH이매-0117-1B,3.5,2.6,2.1,2.1,B,성남시 분당구 이매동 122번지 이매촌 금강1단지아파트 104동 뒤 탄천녹지 (MH-A-003 번 옆),20170810,127.1227722,37.3913791,0.0
MH정자-0135-1U,1.7,1.7,1.0,0.3,A,특급호텔앞,20211129,127.1048415,37.380602,45.914
MH신흥-0173-1U,0.9,0.9,1.0,0.5,A,산성역포레스티아 동문뒤 보도블럭,20200424,127.1493307,37.4539445,91.635
MH서현-0068-1U,0.9,0.9,0.6,0.2,A,경기도 성남시 분당구 서현동 280-2번지,20230524,127.1261972,37.3852139,34.679
MH수내-0147-1U,1.6,1.8,1.5,0.4,A,경기도 성남시 분당구 수내동 126-2번지,20230908,127.1238351,37.3690229,59.682
MH대장-0011-1B,3.0,3.0,3.4,3.4,A,146번지 현대A3블럭 앞,20201117,127.06869,37.3697667,123.593
MH야탑-0054-1U,1.2,1.2,1.2,1.6,A,만나교회 앞 탄천,20210125,127.1213078,37.4147085,23.5
MH구미-0163-1U,0.9,0.9,1.0,0.15,A,구미동 분당엠코헤리츠,20210207,127.1080066,37.34982,55.621
MH중앙-0164-1U,0.9,0.9,0.5,0.5,A,1372 희망로 단남아파트앞 횡단보도내,20191126,127.1595362,37.4420999,108.089
MH상대-0162-1U,2.6,2.0,1.7,1.2,A,상대원동 3000 희망로 GS25앞 횡단보도 앞,20190921,127.1595449,37.4400222,122.384
MH이매-0139-1U,0.9,0.9,0.7,1.1,A,이매동 이매중학교 앞 회전교차로,20210507,127.126607,37.4009709,31.066
MH이매-0178-1U,2.1,2.0,0.7,0.7,A,SEC#25금강아파트101동앞사거리도로,20221115,127.1237658,37.3890872,33.078
MH신흥-0166-1B,2.7,2.5,2.5,3.0,A,2458-3 성남세무서 맞은편 성남제1근린공원 내,20200529,127.1553305,37.4463255,74.967
MH구미-0180-1U,1.6,1.4,1.3,0.4,A,경기도 성남시 분당구 구미동 197-2번지,20221130,127.1078736,37.3396654,57.717
MH정자-0169-1B,3.5,3.7,3.0,0.7,A,정자동 아데나팰리스 건너편,20210311,127.1083378,37.3602644,43.8
MH서현-0014-1U,1.4,1.4,0.7,0.3,A,시범현대아파트 425동 상가앞 단지내 도로,20200806,127.1303509,37.377747,0.0
MH정자-0195-0U,1.2,1.2,0.7,0.7,A,성남시 분당구 정자동 96-1 정자푸르지오시티2차 오피스텔 앞 도로,20240601,127.105928,37.3677846,41.132
MH이매-0201-1U,1.1,1.1,1.4,0.5,A,성남시 분당구 이매동 152-8 아름마을 건영아파트 입구 앞 횡단보도 옆,20240513,127.1236551,37.4036066,30.09
MH이매-0200-1B,2.8,3.2,2.4,1.0,A,성남시 분당구 이매동 15302 코오롱 스포렉스 건너편 탄천방향 보도,20240710,127.1236416,37.3951772,32.176
MH정자-0011-1B,2.20000005,3.20000005,3.8,3.8,A,성남시 분당구 정자동 99-6지번 백궁프라자3 건너 탄천 법면 녹지,19951231,127.1083919,37.3646797,0.0
MH정자-0130-1U,1.0,1.0,0.5,0.5,A,"경기도 성남시 정자동 4-6 한국잡월드정문
",20200305,127.1072289,37.3772989,0.0
MH정자-0017-0B,0.0,0.0,0.0,1.0,A,성남시 분당구 정자동 207지번 계원예술고등학교 내 벽강예술관 옆 보도,20030530,127.1158446,37.3591632,71.639
MH이매-0120-1B,3.5,2.9,3.1,3.1,A,이매동 152-6번지 골든프라자 건너편 보도,20180806,127.1236665,37.3996872,0.0
MH이매-0002-1U,2.7,2.2,1.4,1.4,A,SEC#25 LG에클라트2차앞도로,20220624,127.125519,37.3874545,34.292
MH야탑-0067-1U,0.9,0.9,1.0,1.1,A,야탑동 만나교회 앞 탄천(150A),20210125,127.1213317,37.4147679,23.443
MH도촌-0020-7U,1.5,1.5,1.4,1.4,A,섬마을 휴먼시아9단지APT 905동 옆 보도,20200806,127.166383,37.4112517,0.0
MH대장-0022-1U,1.8,1.6,0.7,0.7,A,A10BL - 대장초등학교 앞도로 (SEC13),20230226,127.0708411,37.3679776,118.041
MH신흥-0190-1U,2.8,2.0,0.9,0.9,A,산성역 자이푸르지오   도로 500A  (sec#1),20230509,127.1479631,37.4511831,69.526
MH신흥-0189-1U,2.4,2.0,1.0,1.0,A,산성역 자이푸르지오  다이소앞 도로 450A  (sec#2-1),20230602,127.1456219,37.4487597,57.421
MH금광-0007-1U,1.3,1.2,1.3,1.6,A,대림아파트 405동 앞,20220113,127.1659008,37.445708,81.484
MH이매-0010-1U,2.3,2.3,0.9,0.9,A,SEC#44 이매물방아삼거리 (KT앞 차선부터 ~ 3차선 차도),20210428,127.128528,37.3997033,30.565
MH구미-0176-1U,2.0,2.0,1.6,0.0,A,SEC#39하얀마을그랜드빌409동앞보도,20210330,127.1167991,37.3447391,53.017
MH서현-0145-1U,2.0,1.2,0.8,0.3,A,SEC#19시범우성아파트 221동앞 보도,20211014,127.1327723,37.3785358,50.709
MH서현-0143-1B,2.8,3.0,2.0,0.5,A,경기도 성남시 분당구 서현동 280-2번지 삼성플라자주차장빌딩 앞 1차선도로,20220518,127.1235977,37.383622,33.84
MH대장-0010-1B,3.1,3.1,3.2,0.0,A,221-6번지 풍경채 7블럭 앞,20200530,127.067938,37.3654994,115.299
MH동천-0003-1B,3.5,3.5,2.5,0.0,A,동원3교 앞 차도,20201201,127.0882666,37.3485253,70.205
MH중앙-0019-1U,1.0,1.0,1.0,0.0,A,코오롱아파트 112동 사거리 앞,20220416,127.1456704,37.4383552,42.851
MH중앙-0020-1U,2.2,1.1,1.1,0.0,A,코오롱아파트 114동 앞,20220803,127.1464409,37.437058,57.855
MH정자-0171-1U,1.7,1.7,1.0,0.0,A,,20201217,127.1183148,37.3547171,49.459
MH수내-0150-1U,2.0,2.0,0.5,0.4,A,양지마을한양5단지앞크리스탈빌딩사거리 도로,20230816,127.1154776,37.3766928,40.189
MH이매-0179-1U,2.4,2.2,0.4,0.4,A,SEC#35 방아교 족구장 부근 하천고수부지,20230227,127.1242151,37.3993767,26.348
MH금곡-0035-1U,1.5,1.4,0.2,0.3,A,SEC#17 미금역 (청솔마을1단지 서광영남아파트 103동 옆 도로),20230520,127.1088766,37.3515477,52.617
MH구미-0158-1U,1.5,1.4,0.4,0.0,A,SEC#17 미금역  분당프라자 앞 도로,20230610,127.1098564,37.3500145,54.435
MH야탑-0184-1U,0.9,0.9,0.6,0.0,A,"SEC#53 장미마을현대 801동,810동 단지 밖 진출입로 도로",20221018,127.1300915,37.4167432,30.78
MH야탑-0181-1U,2.1,2.4,0.6,0.5,A,SEC#30 성남터미널 홈플러스앞도로,20221207,127.1280932,37.4123161,29.813
MH정자-0172-1U,1.7,1.7,1.0,0.0,A,더샾파크리버 정문횡단보도,20201217,127.1181228,37.3546803,49.333
MH정자-0164-1U,1.7,1.7,1.0,0.0,A,두산타워앞,20200913,127.10591,37.3637242,43.241
MH야탑-0136-1U,1.7,2.0,0.3,0.3,A,서광교회 뒤편 도로 1차선,20201228,127.1497052,37.4061042,0.0
MH야탑-0137-1U,1.7,2.0,0.3,0.3,A,대순진리회 분당 회관 앞 도로 (2차선),20201228,127.1527432,37.4064561,0.0
MH산성-0171-1U,2.6,2.0,0.3,0.5,A,산성역포레스티아 동문건너편 1차로 내,20200414,127.1497506,37.4540979,110.296
MH중앙-0165-1U,2.6,2.0,0.3,0.3,A,1372 단대고가교아래 안전지대내,20200531,127.1576619,37.4440508,80.985
MH신흥-0175-1U,0.9,0.9,1.0,0.0,A,10 산성역 포레스티아 136동 옆 녹지,20200319,127.1493168,37.4535648,111.299
MH구미-0193-1U,1.4,1.6,0.9,0.0,A,하얀마을사거리  150A (분기관),20231101,127.1160725,37.3469245,51.776
MH신흥-0193-1U,1.7,1.5,0.4,0.3,A,산성역 자이푸르지오 1단지내 회전램프  150A 분기관  (sec#3-1),20240319,127.1459122,37.4479156,56.909
MH야탑-0031-1U,2.5,2.6,0.5,0.4,A,SEC#30 성남터미널앞도로,20230429,127.1287215,37.4132142,30.346
MH정자-0086-1U,1.2,1.4,0.4,0.3,A,SEC#37 신기사거리 (상록마을우성아파트 309동 옆 공원 보도),20220620,127.1124783,37.364656,51.762
MH야탑-0186-1U,2.5,2.6,0.6,0.5,A,SEC#30 성남터미널 스타벅스앞도로,20230527,127.1283216,37.4137957,29.883
MH대장-0018-1U,1.8,1.8,1.6,0.0,A,271-8번지 포스코12블럭 앞,20201219,127.0715466,37.3652587,114.405
MH서현-0112-1U,1.1,1.1,0.2,0.2,A,시범단지 한양아파트 325동앞 도로,20200806,127.1247563,37.3831162,0.0
MH서현-0069-1U,2.5,2.6,0.6,0.3,A,SEC#21 돌마로지하차도옆(시범우성아파트218동) 녹지,20220211,127.1343682,37.3784867,53.142
MH이매-0185-1U,1.2,1.4,0.7,0.3,A,경기도 성남시 분당구 이매동 127-5번지,20220930,127.128016,37.3972582,32.952
MH금곡-0185-1U,0.9,0.9,1.0,0.0,A,경기도 성남시 분당구 금곡동 127-1번지,20230513,127.1091218,37.3550131,46.676
MH서현-0149-1B,2.3,2.6,1.7,0.5,A,경기도 성남시 분당구 서현동 289-2번지,20230524,127.130531,37.3816375,48.416
MH금곡-0034-1U,2.3,3.0,0.5,0.3,A,SEC#17 미금역 (청솔마을7단지 성원아파트 707동 앞 도로 1차선(직진차선)),20221210,127.1089391,37.3526433,50.652
MH신흥-0192-1U,1.6,1.3,0.4,0.4,A,산성역 자이푸르지오 1단지내 출입구앞  150A 분기관  (sec#3-1),20230708,127.1454518,37.4478996,55.137
MH신흥-0191-1U,1.7,1.5,0.1,0.6,A,산성역 자이푸르지오 맥도날드옆 250A 분기관  (sec#04),20230728,127.1482071,37.4511298,70.643
MH신흥-0198-1U,1.8,1.5,0.8,0.5,A,산성역 자이푸르지오 3단지 301동  앞 도로 (sec#05),20221229,127.1508379,37.4493582,99.929
MH여수-0150-1B,2.6,2.7,1.8,0.4,A,47-3지번 여수대로 옆 탄천 자전거 도로,20190926,127.1181826,37.4214149,40.862
MH수내-0035-1U,2.0,2.0,0.7,0.5,A,양지마을한양5단지앞크리스탈빌딩사거리 도로,20230816,127.1155289,37.3768041,40.372
MH이매-0135-1U,1.2,1.4,0.5,0.7,A,이매촌 진흥A 805동앞 관리소옆 이매초등교 운동장 출입구,20201228,127.1266258,37.3962336,0.0
MH야탑-0129-1U,1.7,2.0,0.3,0.3,A,양촌공원 앞 삼거리 맞은편 도로,20201228,127.1468022,37.4066988,0.0
MH정자-0033-1B,3.2,3.3,1.6,1.0,A,정자동 분당더샵파크리버 앞,20210904,127.1185256,37.3551168,50.58
MH대장-0009-1U,1.8,1.8,1.3,0.0,A,239-3번지 상가부지 진입로 차도,20201203,127.0677836,37.362657,106.347
MH중앙-0163-1U,2.6,2.0,0.5,0.4,A,1372 중앙동 롯데캐슬아파트 104동 뒤 2차로,20191128,127.1588348,37.4428627,97.131
MH이매-0116-1U,1.2,1.2,0.6,0.3,A,SEC#44 이매물방아삼거리(KT 진출입로 건너편 이매동신9단지아파트 901동 앞 보도),20210408,127.128005,37.3990621,30.643
MH정자-0122-1U,1.4,0.7,0.3,0.4,A,경기도 성남시 정자동 94-3 파크뷰 608동뒤 보도,20200305,127.1082909,37.3771029,0.0
MH금광-0003-1U,1.0,1.0,1.3,0.0,A,대림아파트 104동 앞,20220520,127.1594917,37.4438273,75.895
MH금광-0005-1U,1.1,1.1,1.1,0.0,A,대림아파트 107동 앞,20220520,127.1615389,37.4446065,66.519
MH금광-0009-1U,1.1,1.1,0.8,0.0,A,대림아파트 501동 앞,20220627,127.1678441,37.4449392,93.863
MH금광-0010-1B,2.8,2.2,2.1,0.0,A,대림아파트 503동 앞 녹지,20220704,127.1690606,37.4435986,114.691
MH금광-0011-1U,1.2,1.3,1.6,0.0,A,대림아파트 506동 앞 505동 옆,20220113,127.1677385,37.443008,118.577
MH구미-0047-1U,1.6,1.4,0.4,0.6,A,경기도 성남시 분당구 구미동 176번지,20221130,127.1092024,37.340992,56.23
MH야탑-0128-1U,1.7,2.0,0.3,0.3,A,삼정바움하우스 101동 맞은편,20201228,127.1426571,37.4081394,0.0
MH야탑-0022-1U,0.0,0.0,0.5,0.0,A,야탑역세권 야탑역광장내,20200806,127.1279659,37.4113864,0.0
MH구미-0045-1B,4.5,5.0,2.6,0.4,A,SEC#51동막교사거리 동막천녹지부,20210203,127.1103054,37.3427783,50.805
MH야탑-0024-1U,1.6,1.6,0.8,0.3,A,야탑역세권 국민은행뒤,20200806,127.1265907,37.4114659,0.0
MH이매-0131-3B,2.1,2.1,1.7,0.4,A,성남시 분당구 이매동 152-8번지 세븐일레븐 맞은편 보도(탄천 내려가는 계단 부근),20200305,127.123739,37.4049817,0.0
MH상대-0161-2U,0.9,0.9,0.5,0.0,A,3000 희망로 현대상대원주유소건너 1차로,20190716,127.1581573,37.4372402,104.971
MH단대-0031-0U,0.9,0.9,0.5,0.0,A,성남시 수정구 신흥동 138-1,20180629,127.1529505,37.4497017,119.953
MH상대-0030-0B,0.9,0.9,0.5,0.2,A,희망로 GS25앞 횡단보도앞,20190921,127.159446,37.439896,101.406
MH구미-0159-1U,1.2,1.2,1.2,0.0,A,성남고용복지센터앞,20200806,127.1092365,37.3487912,0.0
MH중앙-0164-1U,0.9,0.9,0.5,0.5,A,1372 희망로 단남아파트 앞 횡단보도내,20191126,127.1595795,37.4421305,108.13
MH정자-0137-1B,2.6,2.6,1.9,0.5,A,현대중공업R&amp;amp;amp;amp;amp;amp;D센터앞,20210905,127.1052647,37.3759809,40.461
MH야탑-0134-1U,1.7,1.7,0.7,0.3,A,한일아파트앞 차도,20201013,127.1436076,37.4061483,52.914
MH이매-0140-1B,3.0,3.3,1.8,0.5,A,탄천 고수부지 잔디내,20210226,127.1241182,37.4047664,25.27
MH이매-0142-1U,1.7,1.7,0.8,0.2,A,삼환아파트옆,20210522,127.1259035,37.4048876,29.651
MH금곡-0177-1U,2.6,1.9,0.9,0.0,A,SEC#17 미금역 (올리브영 앞 도로 1차선 ),20221121,127.1089536,37.350904,53.72
MH구미-0189-1U,1.0,1.0,0.4,0.0,A,SEC#29 까치마을우성 (분당소방서 건너편 도로),20230407,127.1160187,37.3519086,49.355
MH정자-0057-1U,2.6,2.7,1.4,0.4,A,SEC#37 신기사거리KFC앞 도로(S-라인),20220720,127.1144502,37.3634921,62.678
MH구미-0191-1U,2.0,1.1,0.9,0.0,A,SEC#29 까치마을우성 (까치대우롯데선경아파트 103동 앞 도로 횡단보도 옆 도로),20230518,127.1154837,37.351232,50.028
MH야탑-0204-1U,1.0,1.0,0.6,0.4,A,성남시 분당구 야탑동 488-5 내외빌딩 건너편 횡단보도 옆,20221024,127.1339177,37.4117534,45.953
MH야탑-0203-1U,1.0,1.0,1.0,0.0,A,488 야탑동성당~탑마을사거리 사이 도로,20221024,127.1338778,37.4098638,40.918
MH서현-0154-1U,2.0,1.8,1.0,0.4,A,성남시 분당구 서현동 353-5 효자미래타운B상가 맞은편 보도,20230307,127.1382076,37.3723251,52.426
MH수내-0151-1U,1.1,1.0,1.1,0.3,A,성남시 분당구 수내동 40-5 분당예미지빌딩 앞 도로,20230422,127.1162461,37.3791793,36.513
MH금곡-0198-1U,1.0,1.0,1.0,0.0,A,성남시 분당구 정자동 188-2 임광보성아파트 정문 출입로 앞 사거리 도로 중앙,20230502,127.1071269,37.356643,45.704
MH수내-0152-1U,2.1,2.1,1.0,0.3,A,성남시 분당구 수내동 51 파크타운 대림아파트 정문 측구,20230712,127.1212889,37.3745238,41.169
MH서현-0153-1B,2.8,1.9,1.3,0.5,A,성남시 분당구 서현동 91 시범한양아파트 311동~놀이터 사이 도로,20230627,127.1258724,37.3807213,48.583
MH정자-0188-3B,3.3,3.2,3.2,0.0,A,경기도 성남시 분당구 정자동 183-2번지,20230507,127.1084498,37.3587647,44.108
MH금곡-0129-1U,1.2,1.0,1.4,0.4,A,경기도 성남시 분당구 금곡동 128번지,20230429,127.1092696,37.3549502,46.32
MH서현-0132-1U,0.9,0.9,1.8,0.0,A,서현동 세광빌딩,20210409,127.1210354,37.3841099,35.755
MH이매-0145-1B,3.9,2.6,1.9,0.7,A,이매동 매송초등학교 건너편보도,20220526,127.1236879,37.4017053,30.806
MH서현-0148-1B,2.3,2.6,1.5,0.6,A,경기도 성남시 분당구 서현동 289-2번지,20230524,127.1299913,37.3812477,49.37
MH서현-0068-1U,0.9,0.9,0.6,0.2,A,경기도 성남시 분당구 서현동 280-2번지,20230524,127.1262061,37.3852044,34.695
MH서현-0146-1U,2.0,1.9,0.4,0.4,A,SEC#19시범우성아파트 227동앞 보도,20211110,127.1305269,37.3801051,50.655
MH서현-0002-1U,1.6,1.6,0.5,0.4,A,SEC#3 LG그린타운 (미래타운A상가 앞 도로),20201126,127.1376807,37.3728906,51.046
MH동천-0004-1U,2.4,2.0,1.7,0.0,A,81-19번지 동원3교 앞 차도,20200717,127.088565,37.3482862,69.99
MH동원-0002-1B,3.3,3.5,2.6,0.0,A,119번지 하천보 인근 녹지,20201116,127.0951541,37.3456695,61.717
MH금광-0002-1U,1.4,1.6,0.8,0.0,A,대림아파트 501동 어린이공원 사이,20211203,127.1624253,37.4441328,79.309
MH신흥-0021-1U,1.3,1.3,0.7,0.0,A,경기도 성남시 수정구 단대동 96,20211018,127.154158,37.447742,74.015
MH이매-0133-1B,3.0,3.0,2.5,0.5,A,아름마을 건영아파트건영아파트 103동 뒤 탄천 자전거도로,20201228,127.1239176,37.404771,0.0
MH구미-0165-1U,1.2,1.5,0.3,0.0,A,우체국 앞 도로,20201228,127.1115287,37.3495268,0.0
MH금곡-0162-1U,1.0,1.0,1.0,0.0,A,동양프라자 옆 보도,20201228,127.1111496,37.3505513,0.0
MH이매-0143-1B,3.0,3.1,2.0,0.4,A,타워빌505동앞 판교로,20210705,127.1277135,37.4054143,30.467
MH정자-0178-1U,2.1,2.0,0.7,0.0,A,SEC#37 한솔6단지새소망교호옆보도,20220720,127.1168176,37.3636673,66.5
MH구미-0127-1U,1.2,1.2,0.7,0.0,A,까치마을 건영빌라 303동뒤 보도,20200806,127.1091218,37.3485854,0.0
MH구미-0160-1U,1.2,1.2,1.5,0.0,A,미금역 웰파크 한전박스 앞 보도,20200806,127.1100638,37.3490933,0.0
MH정자-0170-1U,0.9,0.9,0.9,0.0,A,정자동 대림아크로텔,20210416,127.1072175,37.3617426,44.512
MH구미-0052-1B,2.7,2.7,1.8,0.7,A,오리교사거리 신한건영3단지 놀이트 방면 보도,20200806,127.1133611,37.3382399,53.703
MH동원-0001-1B,3.5,3.5,2.4,0.0,A,77번지 머내고가 밑 녹지,20200409,127.1026484,37.3431102,56.54
MH여수-0152-1B,3.3,3.4,1.9,0.4,A,398 성남대로 분당방향3차로,20200411,127.1287006,37.4208911,51.148
MH하대-0155-1U,2.4,2.0,0.4,0.3,A,266번지 마지로 금호카센타앞,20181206,127.1336326,37.4281981,55.952
MH신흥-0174-1U,0.9,0.9,0.8,0.0,A,10 산성역포레스티아 122동 유치원 사이,20200315,127.148689,37.4541224,111.299
MH구미-0062-1U,1.2,1.2,0.8,0.0,A,무지개11단지 금강아파트 1101동옆 보도,20200806,127.1178573,37.3359046,65.491
MH수내-0139-1U,0.9,0.9,1.8,0.0,A,양지마을 금호110동,20211028,127.1178975,37.3773941,40.201
MH수내-0131-1U,1.2,1.7,0.5,0.3,A,,20201228,127.1224339,37.3734612,0.0
MH이매-0177-1U,2.7,2.0,0.3,0.5,A,SEC#25 LG분당에클라트1차앞도로,20221012,127.1241891,37.3886371,33.43
MH분당-0101-3U,2.4,1.9,0.5,0.3,A,성남시 분당구 분당동 71지번 장안타운 건영2차아파트 115동 일방통행길 주차장 표지판 옆,20150805,127.1398783,37.3709109,0.0
MH서현-0110-3B,1.0,1.0,0.7,0.3,A,성남시 분당구 분당동 310지번 효자촌 대우아파트 616동 뒤 버스정류장 앞 도로,20160510,127.1374327,37.3698667,0.0
MH서현-0056-1U,0.9,0.9,1.1,0.4,A,성남시 분당구 서현동 306-2지번 미래타운 동남프라자 앙토낭카렘 옆 일방통행 도로,20160510,127.1366521,37.3737858,0.0
MH수내-0125-1U,1.6,1.0,1.0,0.6,A,경기도 성남시 수내동 1-1 지웰푸르지오옆,20200305,127.1177361,37.3818149,0.0
MH금곡-0103-1U,1.0,1.0,0.6,0.3,B,성남시 분당구 금곡동 208번지 옆 도로측구,20020430,127.1055513,37.3514018,52.639
MH금곡-0102-1U,1.0,1.0,0.5,0.1,A,성남시 분당구 금곡동 192번지 109동 앞 도로,20030530,127.1059702,37.3545633,48.451
MH구미-0114-1U,1.0,1.0,0.3,0.2,A,성남시 분당구 구미동 24-1번지 현대벤처빌 사이 보도,20010430,127.1099112,37.349666,0.0
MH대장-0008-1U,2.2,2.2,1.6,0.0,A,314-5번지 가압장 앞 차도,20201203,127.0678638,37.361933,103.421
MH이매-0111-1B,1.8,4.3,3.1,0.7,A,성남시 분당구 이매동 100지번 이매촌 삼성10단지아파트 1009동 뒤 태원지하보도 입구,20140805,127.127956,37.4022085,0.0
MH이매-0108-1B,3.0,3.0,2.3,1.2,A,성남시 분당구 이매동 100지번 이매촌 삼성10단지아파트 1009동 뒤 태원지하보도 옆 녹지,20140805,127.1280455,37.4022839,0.0
MH정자-0006-1U,1.0,1.0,0.6,0.0,A,"성남시 분당구 정자동 116-2지번 한솔마을 주공APT 5,6단지 관리사무소옆 보증보도",20180806,127.11686,37.3649737,0.0
MH수내-0019-1B,3.0,3.3,2.6,1.5,A,성남시 분당구 수내동 65 중앙공원 내 내정교 옆 녹지,20140303,127.1197447,37.3804068,0.0
MH분당-0102-1U,2.5,2.0,1.0,0.4,A,성남시 분당구 서현동 71지번 장안타운 건영2차아파트 115동 앞 버스정류장 앞 1차선,20150805,127.1393225,37.3710864,0.0
MH야탑-0138-1U,1.3,1.3,1.9,0.3,A,목련마을 SK아파트 601동 뒤 보도,20201228,127.154801,37.4055465,0.0
MH서현-0017-1U,1.0,1.0,0.9,0.0,A,성남시 분당구 서현동 276-2번지 서현역세권 우리교회 앞 출구쪽 도로,20160804,127.119706,37.3849875,0.0
MH서현-0011-1B,2.7,2.4,1.9,0.5,A,성남시 분당구 서현동 92번지 시범단지 현대아파트 419동 옆 단지통행로 측구,20170810,127.1315002,37.3772338,0.0
MH정자-0149-1B,3.0,2.0,1.7,0.3,A,성남시 분당구 정자동 186-6지번 정자역 엠코헤리츠 4단지 옆 도로,20160510,127.1070949,37.3619498,0.0
MH정자-0105-1B,1.8,2.5,0.9,0.6,A,성남시 분당구 정자동 187-5번지 학교 내 주차장 보도,20030530,127.1058424,37.3582078,47.237
MH대장-0021-1U,3.1,3.1,2.1,0.0,A,293-1번지 제일 5단지 앞,20200926,127.0682624,37.3651759,113.829
MH산성-0170-1U,2.6,2.0,0.5,0.5,A,산성역방향 서서갈비집 앞 중앙차로내,20200414,127.1495911,37.4527184,99.419
MH산성-0168-1U,2.4,2.0,0.6,0.4,A,신흥동 138-1 현대자동차 서비스옆 1차로 내,20180629,127.1517943,37.4505464,112.199
MH여수-0087-3B,3.6,2.2,1.9,0.3,B,성남시 분당구 여수동 276-13번지 성남시청옆 성남대로 삼거리우회전차로,20100324,127.1285975,37.4190483,0.0
MH둔전-0042-3B,2.7,3.3,2.0,0.5,B,성남시 중원구 성남동 1759번지 탄천가압장전 고수부지 녹지(비행장건너),20150805,127.1183019,37.4317981,0.0
MH정자-0016-1B,1.7,2.1,1.9,1.9,A,성남시 분당구 정자동 206 KT 본사 앞 보도,19951231,127.115051,37.3597553,0.0
MH하대-0157-1U,2.6,2.0,1.7,0.6,A,"282 둔촌대로 모란방향 진로마트, 중고가구 앞5차로",20190330,127.14602,37.4287406,61.87
MH도촌-0061-1B,2.6,1.6,2.3,2.3,B,성남시 중원구 도촌동 703지번 섬마을 휴먼시아4단지APT 402동뒤 도로,20071231,127.1565742,37.4141254,0.0
MH도촌-0063-1B,1.5,2.6,2.6,2.6,A,성남시 중원구 도촌동 649지번 섬마을 휴먼시아9단지APT 옆 도촌동성당 앞 도로,20071231,127.16272,37.4116395,0.0
MH도촌-0068-1B,2.6,2.6,1.9,1.9,A,성남시 중원구 도촌동 707지번 도촌동 섬마을 8단지 정문 경비실앞도로,20071231,127.1609486,37.4121205,0.0
MH정자-0123-1U,1.0,1.0,0.6,0.6,A,성남시 분당구 정자동 96-1지번 정자역 아름방송 건너편 도로 횡단보도 앞,20050614,127.1058962,37.3667039,0.0
MH구미-0089-1U,1.2,1.2,1.3,1.3,A,성남시 분당구 구미동 220 무지개 주공4단지아파트 403동 옆 보증보도,20180806,127.1176229,37.3392201,0.0
MH수내-0127-1U,1.5,1.0,1.5,1.5,B,성남시 분당구 수내동 126-2지번 푸른마을 그랜드프라자 옆 일방통행로,19931231,127.1228521,37.3701066,0.0
MH동원-0005-1B,3.3,3.5,2.2,2.2,A,243-1번지 동원2교 고가로,20200426,127.080675,37.3526952,83.224
MH신흥-0169-1U,2.4,1.8,1.5,1.0,A,신흥동 178-1 산성역 포레스티아중문건너편 교통섬 2차로 내,20200418,127.1495017,37.4521128,96.482
MH이매-0004-1B,3.3,2.9,3.0,3.0,B,성남시 분당구 이매동 122번지 금강아파트 104동 뒤 탄천녹지,20170810,127.122739,37.3914959,0.0
MH정자-0067-1B,2.1,3.0,4.5,4.5,B,성남시 분당구 정자동 100-3지번 상록마을 정자중학교 앞 탄천 녹지,20000331,127.1095066,37.3654974,0.0
MH정자-0018-7B,3.4,3.4,2.6,2.6,B,성남시 분당구 정자동 189-11지번 한솔마을 청구APT 101동 밖 1차선 도로,20140303,127.1227686,37.3635129,0.0
MH분당-0140-2B,2.7,3.5,2.6,0.4,A,분당동 분당사업소내,20210930,127.1455337,37.3666,87.722
MH정자-0004-1U,1.4,1.4,0.6,0.6,A,SEC#37 신기사거리 (상록마을우성아파트 301동 앞 도로(횡단보도 인근)),20220507,127.1124766,37.363532,52.982
MH이매-0091-1B,3.9,3.5,3.0,3.0,A,SEC#45이매고등학교입구하천녹지부,20210429,127.1230698,37.3930321,28.24
MH여수-0100-3B,3.5,3.0,2.3,2.3,B,성남시 중원구 여수동 255-15지번 야탑역에서 모란역방향 삼거리,20170810,127.1286266,37.4227499,0.0
MH서현-0025-3B,3.3,2.4,2.3,2.3,A,성남시 분당구 서현동 262-1지번 서현역세권 삼성디지털프라자(A/S센터)건물 앞 1차선(측구),20180407,127.1229905,37.3855175,0.0
MH야탑-0033-1B,2.7,2.6,3.3,3.3,A,야탑동 시그마3 오피스텔 앞,20210311,127.1296973,37.4137288,31.566
MH야탑-0023-1B,2.5,1.9,1.7,1.7,A,성남시 분당구 야탑동 345-1번지 파인디지탈사옥앞도로,20190510,127.1237604,37.4123453,0.0
MH야탑-0032-2U,3.3,1.3,2.8,0.2,A,성남시 분당구 야탑동 331번지 동부코오롱 아파트 113동 옆 보도,19931231,127.1285196,37.4145825,0.0
MH수내-0027-4B,3.3,3.0,2.0,2.0,A,성남시 분당구 수내동 126-1지번 동국대한방병원 앞 도로,20200305,127.1276791,37.3675806,0.0
MH대장-0007-1B,3.2,3.3,2.9,2.9,A,314-5번지 가압장 앞 차도,20201107,127.067949,37.361265,100.95
MH야탑-0086-3B,3.7,2.3,2.5,2.5,B,성남시 분당구 야탑동 331지번 장미 동부코오롱113동옆성남대로3차선도로,20100324,127.1286477,37.4145526,0.0
MH구미-0048-1B,1.2,2.1,2.6,2.6,B,성남시 분당구 구미1동 오리역 3번출구 앞 도로(도로중앙),20160804,127.1090976,37.3397144,56.168
MH정자-0074-1U,3.0,1.4,1.4,1.4,A,성남시 분당구 정자동 178-6번지 정문 앞 도로,20020430,127.1059679,37.3570516,45.714
MH야탑-0038-1B,2.4,2.3,1.9,1.9,A,성남시 분당구 야탑동 218번지 현대벽산빌라 506동 507동 옆 보도,20160804,127.1415147,37.4128138,0.0
MH상대-0078-3B,3.0,2.5,2.6,2.6,A,성남시 중원구 상대원동 420번지 성남소각장600톤시설앞화단,20071130,127.1822697,37.4318233,0.0
MH상대-0077-3B,2.9,2.5,4.0,4.0,A,성남시 중원구 상대원동 420지번 성남 에너지관리시설 입구 앞(안전지대),20071130,127.1800805,37.4318432,0.0
MH수내-0060-1U,0.8,1.3,1.2,1.2,A,성남시 분당구 수내동 11-1 수내역 청구블루빌 오피스텔 앞 보도,20000331,127.1136278,37.3786508,0.0
MH정자-0013-4B,1.9,3.1,3.2,3.2,A,성남시 분당구 정자동 189-6 상록마을 라이프APT 109동 맞은편 탄천편 보도,19981031,127.1097398,37.3629175,0.0
MH야탑-0121-3B,3.4,3.2,1.5,1.9,B,성남시 분당구 야탑동 331번지 장미마을 동부코오롱APT 114동 뒤 여수천 녹지,20170810,127.1268916,37.4142638,0.0
MH야탑-0097-3U,1.0,1.3,0.8,0.1,A,성남시 분당구 야탑동 181번지 야탑3동 삼정빌라 나동 옆 보도,19951130,127.1474117,37.4092893,0.0
MH도촌-0064-1U,1.3,1.3,1.3,1.3,A,성남시 중원구 도촌동 579지번 래일프라자옆 도로,20071231,127.1510063,37.4147465,0.0
MH대장-0020-1U,2.0,2.0,1.8,1.8,A,256-3번지 풍경채 5블럭 인입 앞,20201007,127.0692475,37.3650667,110.466
MH정자-0005-4B,3.1,2.9,4.3,4.3,B,성남시 분당구 정자동 189-11지번 한솔마을 주공APT 501동 밖 도로,20160510,127.1183141,37.3635342,0.0
MH수내-0065-1U,1.0,1.4,1.0,1.0,A,성남시 분당구 수내동 40-5 수내역 다운타운 빌딩 입구 앞 도로,20030530,127.1115087,37.3771725,0.0
MH서현-0104-1U,1.0,1.0,1.4,1.4,A,서현역세권 보람코아 주차장입구 도로,20140805,127.1257123,37.3862239,0.0
MH분당-0114-1U,0.9,0.9,0.7,0.7,A,성남시 분당구 분당동 92지번 아이원빌 앞 보도,20180806,127.1441699,37.3715221,0.0
MH구미-0099-1B,2.5,3.4,2.4,2.4,A,성남시 분당구 구미동 300번지 도로측구,20020430,127.1225203,37.35065,55.633
MH구미-0098-1U,1.3,1.3,1.1,1.1,B,성남시 분당구 구미동 300지번 분당서울대학교 병원 앞 도로중앙차선,20020430,127.1226423,37.3505612,56.614
MH정자-0144-1U,1.8,1.1,1.0,1.0,A,성남시 분당구 정자동 208 분당도서관 소망교회 사이도로,20140303,127.1175271,37.3592707,0.0
MH구미-0140-1B,2.5,2.3,2.3,2.3,B,성남시 분당구 구미동 낙생교 아래 탄천(성지빌라 방면),20180407,127.1093196,37.343332,0.0
MH도촌-0066-1B,2.4,2.1,2.7,2.7,A,성남시 중원구 도촌동 719지번 도촌동 빌라단지 31번지앞 사거리 도로,20071231,127.151245,37.4167286,0.0
MH도촌-0056-3B,2.9,2.6,2.3,2.3,A,성남시 중원구 도촌동 719-1지번 여수천1교 전 50M지점 2차선 도로(교회 앞),20071231,127.1506659,37.4168852,0.0
MH금곡-0107-1U,0.9,0.9,1.2,1.2,A,성남시 분당구 금곡동 161 미금역 7번출구 앞,20150805,127.1082079,37.3501664,0.0
MH분당-0115-4B,3.6,3.5,3.2,3.2,A,성남시 분당구 분당동 114지번 장안중학교 옆 도로 (중앙분리대),20180407,127.1475572,37.3711395,0.0
MH분당-0116-4B,3.8,3.8,5.3,5.3,A,성남시 분당구 분당동 지역난방 정문우측(가스공사 방면) 녹지,20180407,127.1474062,37.3682415,0.0
MH수내-0033-1B,2.0,1.3,2.4,2.4,A,성남시 분당구 수내동 27번지 양지마을 금호APT 304동 옆 보도,19931231,127.1177346,37.3729247,0.0
MH정자-0082-1B,3.6,1.6,2.2,2.2,A,성남시 분당구 수내동 79-1 느티마을 경남/선경빌라 106동밖 성남대로 보도,19951231,127.1103244,37.3738675,0.0
MH정자-0064-1U,1.2,1.3,1.0,1.0,A,성남시 분당구 수내동 92-3 로얄팰리스 C동 입구 옆 도로,20030530,127.1098947,37.3746885,0.0
MH수내-0106-2B,3.3,3.1,2.9,2.9,B,성남시 분당구 수내동 44지번 펀스테이션 뒤 분당천 보도,20150805,127.1180987,37.3815967,0.0
MH구미-0013-7U,1.0,1.0,1.5,1.5,A,성남시 분당구 구미동 243번지 무지개마을 제일아파트 8단지 802동 옆 녹지,19951231,127.1256941,37.3419221,0.0
MH구미-0010-7U,0.9,1.3,1.0,1.0,B,성남시 분당구 구미동 213지번 무지개마을 금강아파트 1102동 옆 보도,19951231,127.1186532,37.3364565,67.364
MH여수-0008-1U,2.0,2.0,1.5,1.5,A,성남시 중원구 여수동 583지번 여수동 입구 사거리 팔도빌딩(홈플러스)옆 2차선 도로,20190510,127.1339122,37.4169935,0.0
MH도촌-0059-3B,2.0,2.7,2.4,2.4,A,성남시 중원구 도촌동 702지번 섬마을3단지 307동 뒤 건너편 2차선 도로,20071231,127.1535984,37.4144863,0.0
MH도촌-0071-3B,2.3,2.9,2.9,0.5,A,성남시 중원구 도촌동 654-1지번 성남 도촌 가압장 옆녹지,20071130,127.1550999,37.4192287,0.0
MH도촌-0072-3B,2.2,2.3,1.3,0.7,A,성남시 중원구 도촌동 654-1지번 성남 도촌 가압장 옆녹지,20071231,127.1551647,37.4191881,0.0
MH구미-0168-1U,1.6,1.6,1.0,0.0,A,구미동 건영빌라 503동 옆,20200311,127.1086281,37.3486236,59.141
MH수내-0001-3B,3.3,3.6,2.0,0.3,B,성남시 분당구 정자동 257-4지번 한솔마을 청구APT 103동 옆 단지 밖 도로,20200305,127.1234137,37.3640192,0.0
MH정자-0002-3B,3.0,1.7,1.9,0.3,A,성남시 분당구 정자동 116-2지번 한솔마을 주공APT 6단지 새소망유치원 옆 보증보도,20140805,127.1168538,37.3638643,0.0
MH정자-0073-1B,3.0,1.6,2.1,0.3,A,성남시 분당구 정자동 189-11지번 정든마을 한진APT 6단지 놀이터 밖 보도,19951231,127.1165956,37.3633752,0.0
MH정자-0080-3B,3.0,2.6,2.0,0.6,A,성남시 분당구 정자동 193지번 정든마을 불정초교 맞은편 정든지하보도 위 보증보도,20160510,127.1186863,37.3611084,0.0
MH정자-0082-1U,1.0,1.0,1.4,0.0,A,성남시 분당구 정자동 19-1 느티마을~상록마을 어린이공원 녹지,20160804,127.1124864,37.366252,0.0
MH정자-0096-1U,1.0,1.0,1.4,0.0,A,성남시 분당구 정자동 91-2 느티마을 3단지~4단지 사이 테니스장 밑 화단,20180806,127.1124848,37.3681017,0.0
MH정자-0015-1U,1.0,1.0,0.6,0.4,A,성남시 분당구 정자동 198-5 상록마을 라이프APT 101동 밖 보도,20180806,127.1122463,37.3633536,0.0
MH정자-0156-1U,1.0,1.0,0.2,0.0,A,성남시 분당구 정자동 189-7 상록마을 샘물교회 주차장 입구 맞은편 보도,20180806,127.1132186,37.3619079,0.0
MH정자-0157-1U,1.0,1.0,1.0,0.0,A,성남시 분당구 정자동 189-7 상록마을 성남프라자 편의점 앞 보도,20180806,127.1133578,37.3628537,0.0
MH구미-0119-1U,1.7,1.7,1.2,0.0,A,성남시 분당구 구미동 12 까치마을 건영분당빌라 604동옆 녹지,20090506,127.108657,37.3471307,66.046
MH구미-0142-1U,1.1,1.1,2.0,0.4,A,성남시 분당구 구미동 66번지 313동 앞 보도,20140805,127.1159226,37.3493203,50.734
MH정자-0115-1B,2.1,3.3,1.5,0.5,A,성남시 분당구 정자동 217번지 주차장 내 보도,19970731,127.1198515,37.3536161,0.0
MH구미-0111-3B,2.7,3.8,1.3,0.7,B,성남시 분당구 구미동 285번지 건너 횡단보도 내,19951231,127.1245094,37.345116,102.262
MH정자-0012-1B,3.1,3.4,2.7,0.7,B,성남시 분당구 정자동 95-1 대림 아크로텔 건너편 도로,20150805,127.1083003,37.3619586,0.0
MH구미-0084-1U,1.2,1.8,2.0,0.6,A,성남시 분당구 구미동 159 오리역 암웨이 옆 횡단보도,20020430,127.1073978,37.3398897,58.515
MH구미-0083-1U,1.2,1.2,1.0,0.4,A,성남시 분당구 구미동 154 성남우편집중국 뒤편 현관입구,20020430,127.1075886,37.3416809,58.153
MH구미-0088-3B,1.2,1.2,1.2,0.1,A,성남시 분당구 구미동 212 무지개 주공 1206동 옆 단지 밖 보도,19951231,127.1182553,37.3342419,71.682
MH분당-0088-4B,3.1,3.5,2.9,0.7,A,성남시 분당구 분당동 72지번 대진고등학교 옆 보도(현진에버빌 옆 통행로),20150805,127.138544,37.3685514,0.0
MH구미-0064-4U,1.4,2.0,1.7,0.1,B,성남시 분당구 구미동 175지번 한국토지주택공사 본사오리사옥 뒤 보도(가스 충전소방면),19970731,127.1114015,37.3412067,55.581
MH구미-0081-1U,1.2,1.1,0.4,0.5,A,성남시 분당구 구미동 112번지 610동 옆 보도,19951231,127.1134715,37.3448273,0.0
MH구미-0046-4B,3.0,1.9,2.7,2.7,B,성남시 분당구 구미동 111번지 312동 옆 길건너 탄천,19981031,127.1193209,37.3425865,0.0
MH구미-0049-1B,1.7,2.4,0.7,0.3,A,성남시 분당구 구미동 181번지 주택공사별관우체통 앞 도로,20180806,127.1103308,37.340535,55.889
MH분당-0099-3B,3.4,3.0,2.2,0.4,A,성남시 분당구 분당동 70지번 장안타운 건영아파트 108동 옆 도로(홈플러스 앞 사거리),20150805,127.1440674,37.3705151,0.0
MH서현-0109-3B,2.0,2.0,0.8,0.2,A,성남시 분당구 야탑동 331지번 장미 동부 코오롱아파트113동옆성남대로3차선도로,20150805,127.1374402,37.3698197,0.0
MH정자-0141-1U,1.0,1.0,0.6,0.0,B,성남시 분당구 정자동 257-1지번 여의도분당순복음교회 앞 신기보도육교 밑 도로,20140303,127.1128378,37.3600009,0.0
MH정자-0014-4B,2.0,3.2,2.8,2.8,A,성남시 분당구 정자동 100-3 상록마을 라이프APT 109동 맞은편 탄천편 녹지,19981031,127.1096476,37.3629152,0.0
MH서현-0119-1U,1.1,1.1,0.9,0.3,A,성남시 분당구 서현동 308지번 그린타운 LG아파트 610동 놀이터 옆 보증보도,20180806,127.1378731,37.3721992,0.0
MH금곡-0128-1U,1.0,1.8,0.4,0.2,A,성남시 분당구 금곡동 196 티맥스타워(구.한전기공 KPS) 옆 도로,20010430,127.1059854,37.354066,49.151
MH구미-0131-3B,2.2,2.4,1.7,0.6,A,성남시 분당구 구미동 77번지 116동 밖 보도,20110315,127.1162243,37.3494217,0.0
MH구미-0092-1U,1.0,1.0,0.6,0.3,B,성남시 분당구 구미동 215번지 학교 옆 도로측구,20010430,127.1189715,37.3380306,56.898
MH정자-0093-4B,3.5,5.2,2.4,0.6,B,성남시 분당구 구미동 돌마교 밑 탄천녹지,20170810,127.1180011,37.3538757,0.0
MH구미-0053-3B,3.2,2.7,1.1,0.6,A,"성남시 분당구 구미동 201 무지개마을 신한, 건영3단지 301동 단지 통행로 옆 보도",20180407,127.1159555,37.3386468,53.206
MH정자-0069-1U,2.2,1.0,0.7,0.4,A,성남시 분당구 정자동 286-1지번 정자역 아데나루체 C동 옆 도로,20020430,127.1060052,37.3614785,44.704
MH도촌-0053-1B,0.0,0.0,0.0,0.0,A,성남시 중원구 도촌동 688지번 섬마을 휴먼시아1단지APT 104동 옆 택지내 하천 (임시가설도로내),20060614,127.1480898,37.4147195,0.0
MH구미-0065-1U,1.0,1.0,1.1,0.0,A,성남시 분당구 구미동 221 무지개마을 청구아파트 내 성지유치원 옆 보증보도,20160804,127.1176225,37.3382928,54.508
MH둔전-0110-3B,3.6,3.9,2.0,0.7,B,성남시 수정구 심곡동 57-1번지 탄천독정천 산책로 옆 녹지,20160510,127.1199617,37.4388927,0.0
MH금곡-0130-1U,1.1,1.3,0.4,0.3,A,성남시 분당구 금곡동 166 미금역 이코노샤르망빌딩 뒤편 도로,19951231,127.1069661,37.3506282,53.629
MH정자-0118-1B,2.6,1.7,1.5,0.4,A,성남시 분당구 정자동 253지번 분당노인종합복지관 정문 보도,20080401,127.1126095,37.3578136,64.588
MH서현-0086-1U,0.9,0.9,0.7,0.4,A,성남시 분당구 서현동 293지번 효자촌 양영중학교 후문 앞 도로,20180806,127.1365087,37.3769429,0.0
MH서현-0059-1B,2.6,1.7,1.0,0.5,B,성남시 분당구 서현동 320-1번지 스카이빌(군인APT)옆 도로,20160510,127.1379294,37.3750194,0.0
MH정자-0081-1B,3.2,2.1,1.8,0.6,A,성남시 분당구 정자동 92-4지번 로얄팰리스~아이파크 사이 보증보도,20020430,127.1107988,37.3760408,0.0
MH정자-0117-3B,3.5,3.3,2.9,0.8,A,성남시 분당구 수내동 79-1 느티마을 경남/선경빌라 105동 밖 녹지,20180407,127.1099582,37.3730478,0.0
MH정자-0041-1B,3.3,2.5,2.7,1.0,A,성남시 분당구 분당동 79-1번지 느티마을 경남/선경빌라 112동밖 성남대로 보도,20180407,127.1118181,37.3748543,0.0
MH정자-0003-4B,2.3,3.3,2.5,1.9,A,성남시 분당구 정자동 189-11 한솔마을 주공APT 501동 밖 보도,20160510,127.1183622,37.3635937,0.0
MH정자-0091-1U,1.0,1.0,0.6,0.2,B,성남시 분당구 정자동 95-2지번 파크뷰타워 입구 앞 도로(횡단보도),20040531,127.1077367,37.3725152,0.0
MH정자-0092-1U,1.0,1.0,0.5,0.4,A,성남시 분당구 정자동 94-6지번 파크뷰 612동 뒤 녹지,20040531,127.1081651,37.3744883,0.0
MH정자-0085-3B,2.6,2.6,1.9,0.4,A,성남시 분당구 정자동 94-3지번 분당파크뷰 608동 뒤 녹지,20170810,127.1081741,37.3770032,0.0
MH정자-0093-1B,2.0,3.5,2.2,0.5,A,성남시 분당구 정자동 6 파크뷰 단지 내 정자초교 입구 옆 도로,20040531,127.1058764,37.3738723,0.0
MH정자-0117-1B,2.0,2.6,1.8,0.3,A,성남시 분당구 구미동 205번지 주차장 내,20080401,127.1111223,37.3597196,49.47
MH구미-0126-1U,1.2,1.8,0.5,0.3,A,성남시 분당구 구미동 297-2 서울시니어스 분당타워 앞 보도,20000331,127.1239666,37.3474975,85.756
MH수내-0089-1B,2.5,2.0,1.7,0.5,A,성남시 분당구 수내동 24 양지마을 분당고등학교 맞은편 도로,20140805,127.1155032,37.3748017,0.0
MH금곡-0025-1U,1.0,1.0,1.6,0.4,B,성남시 분당구 금곡동 미금역 7번출구 앞 도로 1차선 내,20150805,127.1083899,37.3500789,0.0
MH정자-0138-4B,3.9,3.4,3.1,0.8,A,성남시 분당구 정자동 257-4지번 한솔마을 청구APT 108동 옆 단지 밖 보도,20140805,127.1240351,37.364903,0.0
MH정자-0068-1U,1.0,1.8,0.5,0.3,A,성남시 분당구 정자동 23-3지번 정자역 아름방송 앞 보도,20010430,127.1060737,37.3667738,0.0
MH분당-0096-1U,2.5,2.0,0.8,0.4,A,성남시 분당구 분당동 70지번 장안타운 건영아파트 110동 옆 일방통행 진입 좌측 편,20150805,127.142032,37.3698785,0.0
MH구미-0070-1U,1.0,1.0,0.4,0.9,A,성남시 분당구 구미동 240 무지개 동아 아파트 901동 옆 단지 밖 보도,20160804,127.1236475,37.3413701,75.597
MH정자-0020-1B,2.6,2.6,1.9,0.6,A,성남시 분당구 정자동 203 정든마을 불정초등학교 입구 옆 녹지,20180806,127.1193544,37.3613721,0.0
MH정자-0155-1U,1.0,1.0,0.3,0.4,A,성남시 분당구 정자동 189-5지번 상록마을 라이프APT 103동 옆 보증보도 앞 도로,20180806,127.1122999,37.3622505,0.0
MH금곡-0023-2U,1.2,2.2,1.3,0.7,B,성남시 분당구 금곡동 210지번 코오롱트리폴리스1 C동 옆 횡단보도 내,19951231,127.1062794,37.3511848,52.82
MH상대-0019-7B,1.5,1.8,1.0,0.2,A,성남시 중원구 상대원동 471-3지번 공단 순환로 고개마루 2차선,20071130,127.1797693,37.4270051,0.0
MH구미-0087-3U,1.3,0.8,1.0,1.0,B,성남시 분당구 구미동 211번지 관리사무소 건너 보도,19951231,127.1170118,37.3353393,0.0
MH이매-0115-1U,0.8,0.8,0.8,0.5,A,성남시 분당구 이매동 145번지 아름마을 매송중학교 앞 도로,20180407,127.1235903,37.396329,0.0
MH서현-0023-1U,0.9,0.9,0.5,0.0,A,성남시 분당구 서현동 248-1지번 서현역세권 대명 프라자 옆 도로(에클라트 방면),20180806,127.1249781,37.3868264,0.0
MH이매-0118-1B,2.6,2.7,2.0,0.5,B,성남시 분당구 이매동 122번지 이매촌 금강1단지아파트104동 뒤 탄천녹지 (MH-A-004 번 옆),20170810,127.1228761,37.3915896,0.0
MH야탑-0044-1U,1.3,1.3,1.2,1.2,A,성남시 분당구 야탑동 336번지 야탑중학교 정문앞 보도,20160804,127.1311508,37.4168189,0.0
MH야탑-0035-3B,3.8,1.9,2.0,0.5,A,성남시 분당구 야탑동 199번지 주공8단지APT 807동 뒤 야탑천 건너편 보도,20160804,127.1350485,37.4077664,0.0
MH야탑-0081-3B,2.2,5.0,2.4,0.3,A,성남시 분당구 야탑동 216번지 정보 산업고등학교 건너편 보도,19931231,127.1381508,37.4129944,0.0
MH수내-0063-3U,2.0,1.6,0.6,0.4,A,성남시 분당구 수내동 40-5 수내역 현대판테온 우리은행 앞 도로,20160510,127.1118758,37.3773524,0.0
MH상대-0076-3B,3.1,2.3,1.0,0.8,B,성남시 중원구 상대원동 471-3지번 공단 순환로 고개마루,20071130,127.179638,37.4281149,0.0
MH야탑-0107-1U,1.3,1.3,0.5,0.0,A,성남시 분당구 야탑동 331 코오롱APT 114동 우측 보증보도,19931231,127.1266263,37.4145771,0.0
MH여수-0105-3B,2.4,2.7,2.5,0.5,A,성남시 중원구 여수동 587지번 성남 여수동 옥토교회 옆 도로,20121025,127.1377111,37.4177142,0.0
MH여수-0104-1B,2.5,2.5,1.5,0.6,A,성남시 분당구 여수동 600지번 센트럴타운3단지APT 323동 앞 횡단보도,20121025,127.1338667,37.4185784,0.0
MH수내-0044-3B,2.7,3.3,3.1,1.0,A,성남시 분당구 수내동 65 중앙공원 내 내정교 옆 녹지,20140303,127.1197682,37.3803583,0.0
MH수내-0029-3B,3.3,3.9,2.4,0.6,A,성남시 분당구 수내동 66 중앙공원 내 파크타운 옆 숲안보도육교 옆 보도,20180806,127.1244099,37.3736178,0.0
MH갈현-0075-1B,2.5,1.3,2.2,0.3,A,성남시 중원구 갈현동 61-6지번 갈현고가 밑 국도3호선 도로 (안전지대),20071130,127.181726,37.4242519,0.0
MH갈현-0074-3B,3.4,2.2,1.9,0.3,A,성남시 중원구 갈현동 341-1지번 도촌동 마지길 갈현마을 입구삼거리 도로,20071130,127.17346,37.4223845,0.0
MH서현-0118-1U,1.1,1.1,0.7,0.2,A,성남시 분당구 서현동 308번지 그린타운 LG아파트 내 세화유치원 앞 보증보도,20180806,127.1371558,37.3716691,0.0
MH야탑-0098-1B,2.0,1.5,1.9,1.5,A,성남시 분당구 야탑동 222지번 야탑 차의과대학옆 녹지,20140805,127.1435032,37.410847,0.0
MH야탑-0052-3B,2.4,3.3,2.4,0.3,A,성남시 분당구 야탑동 211지번 매화마을 주공4단지APT 407동 옆 도로,20060614,127.143217,37.4128668,0.0
MH정자-0147-1B,2.6,1.8,1.7,0.1,A,성남시 분당구 정자동 114지번 한솔마을 한솔어린이공원 옆 보증보도,20150805,127.1171736,37.3662041,0.0
MH도촌-0069-1B,2.3,1.8,1.9,0.5,A,성남시 중원구 도촌동 646지번 도촌초교 삼거리 횡단보도 2차로,20071231,127.1584237,37.4137295,0.0
MH구미-0104-1B,2.7,2.7,1.8,0.7,A,성남시 분당구 구미동 300 분당서울대병원 기숙사앞 도로,20021130,127.1240953,37.3518167,0.0
MH구미-0043-1B,2.7,1.1,2.3,0.5,A,"성남시 분당구 구미동 151번지 SK수펙스주유소 앞 보도(낙생교, 동막교사거리)",20150805,127.10873,37.3424386,0.0
MH구미-0042-3B,3.4,2.7,1.7,0.8,A,성남시 분당구 구미동 20 금성백조빌라 205동 성남대로 밖 녹지,20180407,127.1091761,37.3467883,0.0
MH구미-0044-3B,2.4,2.7,2.0,0.5,A,성남시 분당구 구미동 175번지 수펙스주유소 건너 보도,20150805,127.1092266,37.3421122,0.0
MH여수-0109-3B,3.5,3.8,2.3,0.4,B,성남시 중원구 여수동 3-4번지 전철 차량기지 옆 여수대교 150M 하류지점,20160804,127.1181012,37.4234522,0.0
MH야탑-0106-1B,2.7,3.2,2.7,0.5,B,성남시 분당구 야탑동 527-5번지 경남아너스빌상가앞도로,20140805,127.1310331,37.4061941,0.0
MH구미-0040-3B,2.8,2.7,2.7,1.1,A,성남시 분당구 구미동 148번지 하얀마을 성지빌라 옆 녹지(낙생교사거리),20150805,127.1091845,37.3438257,0.0
MH수내-0126-3B,3.0,2.3,1.4,0.8,A,성남시 분당구 수내동 68-2 파크파운 삼익 124동 뒤 도로변 녹지,20190510,127.1217096,37.3693745,0.0
MH구미-0106-1U,1.0,1.0,0.4,0.3,A,성남시 분당구 구미동 187-1 삼거리 도로,20180806,127.1102112,37.3393841,55.097
MH야탑-0083-1B,1.5,1.6,2.5,0.0,B,성남시 분당구 야탑동 360-3번지 야탑동먹자거리이코너샤르망옆삼거리도로,19931231,127.1305219,37.4136207,0.0
MH서현-0111-1U,0.9,0.9,0.8,0.0,A,성남시 분당구 서현동 95번지 시범단지 우성프라자 인입(사우나 입구 근방),20160804,127.1325786,37.3778949,0.0
MH도촌-0092-1B,1.5,2.2,2.2,0.2,A,성남시 중원구 도촌동 719지번 도촌중학교 뒤 도로(2차선),20071231,127.1539082,37.4173689,0.0
MH금곡-0167-1B,3.1,3.1,3.0,0.0,A,청솔주공609동앞,20201228,127.109738,37.3534676,0.0
MH여수-0103-1B,2.5,2.5,1.6,0.5,A,성남시 분당구 야탑동 600지번 센트럴타운3단지APT 323동 옆 도로,20121025,127.1336056,37.4187408,0.0
MH구미-0137-1U,1.1,1.1,0.4,0.1,A,"성남시 분당구 구미동 201 무지개마을 신한, 건영3단지 아파트 312동 앞 도로",19951231,127.1151798,37.3390736,0.0
MH수내-0038-1B,3.0,2.2,3.2,0.1,A,성남시 분당구 수내동 3-1 펀스테이션 옆 보증보도,20140805,127.117955,37.3811167,0.0
MH도촌-0058-3B,3.1,2.1,2.6,0.5,A,성남시 중원구 도촌동 566지번 동강프라자 맞은편 버스정류장 앞 2차선 도로(2단지206동앞),20071231,127.1510594,37.4143037,0.0
MH도촌-0057-1B,1.5,2.7,1.7,0.5,A,성남시 중원구 도촌동 738지번 섬마을1~2단지APT 사이 입구 도로 2차선,20071231,127.1500345,37.4138913,0.0
MH도촌-0055-3B,3.2,2.2,2.4,0.3,A,성남시 중원구 도촌동 563지번 대덕프라자1 앞 2차선 도로(슈퍼 앞),20071231,127.1505231,37.4152237,0.0
MH갈현-0073-3B,3.4,2.2,2.0,0.4,B,성남시 중원구 갈현동 445-5번지 도촌동 마지막길 도로(하우스옆),20071130,127.1622145,37.4215009,0.0
MH도촌-0060-1B,1.8,2.6,2.0,0.5,A,성남시 중원구 도촌동 702지번 섬마을3단지 306동 뒤 버스정류장 전 2차선 도로,20071231,127.1535293,37.4145322,0.0
MH구미-0100-3U,1.5,2.4,0.6,0.2,A,성남시 분당구 구미동 187-1번지 주차장입구 도로측구,20180806,127.1103364,37.3395028,55.144
MH도촌-0070-1B,2.4,2.1,1.9,0.4,A,성남시 중원구 도촌동 646지번 도촌초교 정문 건너편 과속방지턱 도로,20071231,127.1587551,37.4140619,0.0
MH도촌-0096-1U,1.2,1.2,0.5,0.4,A,"성남시 중원구 도촌동 704지번 도촌동섬마을 5단지 503동 1,2호 좌측녹지",20071231,127.1563905,37.4172191,0.0
MH금곡-0185-1U,0.9,0.9,1.0,0.0,A,경기도 성남시 분당구 금곡동 127-1번지,20230513,127.1091366,37.355024,46.698
MH수내-0037-1U,1.8,2.0,0.5,0.5,A,성남시 분당구 수내동 40-4 수내역 궁전프라자 3 뒤 육교 아래 도로,19931231,127.1153474,37.3778571,0.0
MH야탑-0029-1B,2.3,1.9,1.2,0.3,A,성남시 분당구 야탑1동 342-3번지 엔즈빌오피스텔옆삼거리횡단보도,20170810,127.124988,37.4124506,0.0
MH야탑-0028-1U,1.3,1.3,2.0,0.0,A,성남시 분당구 야탑2동 511번지 탑마을 타워빌APT 302동 좌측 녹지,20160804,127.1283718,37.4095647,0.0
MH구미-0153-1U,2.1,1.4,0.4,0.3,A,경기도 성남시 분당구 구미동 197-1번지,20221212,127.1090147,37.3387633,55.756
MH구미-0063-1U,1.2,1.2,0.8,0.0,A,오리역세권 분당앤스퀘어 옆 횡단보도 인근,20200806,127.1072932,37.3398487,58.592
MH이매-0202-1U,0.0,0.0,0.0,0.0,B,성남시 분당구 이매동 137-5번지 골든프라자뒤 주차장,19931231,127.1233693,37.3996651,30.0637
MH구미-0066-1U,1.0,1.0,0.6,0.0,A,성남시 분당구 구미동 226-2번지 건너편 보도측구,20160804,127.1216939,37.3395366,66.427
MH정자-0018-1U,1.6,1.4,0.7,0.4,A,경기도 성남시 분당구 정자동 257-5번지 예수소망교회 앞 도로(1차로),20220916,127.119042,37.3588512,71.602
MH이매-0102-1B,2.6,3.0,2.3,0.7,B,성남시 분당구 이매동 142번지 아름마을 선경6단지아파트 601동 옆 탄천(이매교하류 100M 지점),20140303,127.1240591,37.3957078,0.0
MH정자-0095-1U,1.0,1.0,0.2,0.0,A,성남시 분당구 정자동 207 계원예고 옆 분당도서관 진입로 우측보도,20180806,127.1167422,37.3590494,0.0
MH수내-0219-0U,3.2,2.5,1.3,0.8,A,수내역 롯데백화점 앞,20240819,127.1138348,37.3787625,0.0
MH야탑-0210-0U,1.0,1.0,1.2,0.1,A,분당 차병원 앞,20250512,127.1254575,37.4113726,29.133
MH야탑-0211-0U,1.0,1.0,1.3,0.6,A,분당차병원 여성병원 앞,20250513,127.1263848,37.4113701,29.366
MH야탑-0211-0U,1.0,1.0,1.4,0.7,A,야탑역3번출구 앞,20250611,127.1280901,37.4113697,0.0
MH정자-0218-0B,3.0,4.0,4.0,3.8,A,백궁삼거리 두산위브 도로 맞은편,20250221,127.1082794,37.3713552,0.0
MH금곡-0135-1U,2.0,1.2,0.8,0.8,A,성남시 분당구 금곡동 200번지 앞 도로중앙,20020430,127.1060176,37.3531409,50.335
MH대장-0014-1B,3.1,3.1,2.1,2.6,A,110-3번지 현대 6블럭 단지 내,20200525,127.068005,37.3722043,138.24
MH야탑-0187-1U,1.7,2.1,1.0,1.0,A,상탑초등학교앞 350A (매인관),20231024,127.1459037,37.405424,58.273
MH정자-0217-0U,1.0,1.0,1.5,1.0,A,백궁삼거리 파크뷰 상가 건물앞,20250926,127.107529,37.3725118,39.874
MH금곡-0136-1U,0.9,0.9,1.5,0.15,A,청솔마을 대원813동,20210428,127.112105,37.3526073,50.861
MH정자-0136-1B,2.6,2.6,2.1,0.55,A,잡월드앞,20211126,127.1081005,37.3778841,38.221
MH하대-0158-1U,0.9,0.9,0.5,0.0,A,282 아튼빌정문건너 현대모비스부품대리점 앞,20200417,127.1518815,37.4301793,47.7175
MH정자-0094-1U,1.0,1.0,0.6,0.6,B,성남시 분당구 금곡동 159번지 GS25 편의점 앞 보도,20180806,127.1183608,37.3548025,0.0
MH구미-0154-1B,2.1,2.6,2.6,2.6,B,성남시 분당구 구미동 225지번 무지개마을 건영3차 6단지 상가(홈플러스) 앞 도로,20160804,127.1212165,37.339506,65.594
MH정자-0007-3U,2.2,1.7,1.2,1.2,A,성남시 분당구 정자동 95-1지번 두산 파빌리온 앞 인도(가로수 옆),19951231,127.1078574,37.3714684,0.0
MH구미-0051-1U,1.0,1.0,1.0,1.0,A,성남시 분당구 구미동 188 오리역 엠타워빌딩 주커피 앞 횡단보도,20100331,127.1102501,37.3379339,54.242
MH구미-0051-0U,1.0,1.0,1.0,1.0,A,성남시 분당구 구미동 188 오리역 엠타워빌딩 주커피 앞 횡단보도,20100331,127.1102596,37.3379267,54.238
MH정자-0108-1U,1.0,1.0,0.7,0.7,A,성남시 분당구 정자동 96-1지번 정자역 분당현대아이파크 3단지 주차장 앞 도로,20030530,127.1058611,37.3691126,0.0
MH정자-0213-0U,1.0,1.0,1.0,0.7,A,백궁삼거리 인근 산책로,20250304,127.1082346,37.3736608,0.0
MH정자-0213-0U,1.0,1.0,1.0,0.7,A,백궁삼거리 인근 산책로,20250304,127.1082444,37.3736693,0.0
MH정자-0214-0U,1.0,1.0,1.0,0.7,A,백궁삼거리 인근 산책로,20250304,127.1083213,37.3736615,0.0
MH정자-0214-0U,1.0,1.0,1.0,0.7,A,백궁삼거리 인근 산책로,20250304,127.1083315,37.3736675,0.0
MH정자-0215-0B,3.0,4.0,3.0,2.5,A,백궁교 및 하천,20250110,127.108472,37.3750699,0.0
MH정자-0216-0B,3.0,4.0,2.5,2.1,A,백궁삼거리 및 하천,20250320,127.1085375,37.3718669,0.0
MH정자-0209-0U,1.0,1.0,1.4,0.7,A,정자동 동양파라곤 앞 도로,20250715,127.1059662,37.3695033,41.37
MH정자-0209-0U,1.0,1.0,1.4,0.7,A,정자동 동양파라곤 옆 보도,20250707,127.1061001,37.3700426,41.394
MH정자-0209-0U,1.0,1.0,1.4,0.6,A,정자동 아이파크3단지 정문 도로 맞은편,20250723,127.1060009,37.3689392,41.41
MH서현-0120-1U,1.1,1.1,2.6,0.5,A,성남시 분당구 서현동 265-5지번 서현역세권 태성빌딩 주차장입구 앞 도로,20180806,127.1218772,37.3831939,0.0
MH구미-0132-1B,2.7,2.7,2.9,2.9,B,성남시 분당구 구미동 242지번 무지개마을 라이프7단지 아파트 앞 도로(대로변),19951231,127.1237078,37.3418725,76.358
MH서현-0016-1B,2.0,2.0,3.0,3.0,A,성남시 분당구 서현동 263지번 서현역세권 AK플라자C주차장 뒤 성남대로변 녹지,20160804,127.1232926,37.3836464,0.0
MH수내-0071-1B,2.0,2.0,2.0,2.0,B,성남시 분당구 수내동 69-1지번 푸른마을~정자동 한솔마을 사이 도로,20160510,127.1216154,37.367853,0.0
MH서현-0133-1U,0.9,0.9,0.7,0.2,A,서현동 송강빌딩,20220607,127.1214769,37.3851525,35.175
MH대장-0017-1B,3.0,3.0,2.1,2.1,A,159-12번지 진흥10블럭 앞,20200623,127.0706453,37.3682534,118.828
MH여수-0151-1U,2.4,2.0,1.5,1.5,A,34-2 여수대로SK시티 홀오일프라자앞,20190523,127.1247555,37.4215298,44.447
MH수내-0076-2B,3.6,3.3,1.6,0.5,A,SEC#38 푸른신성아파트 (오일뱅크 주유소 출구 직좌회전 차선 정지선 앞),20210722,127.1281622,37.3681519,68.016
MH금곡-0183-1U,2.0,2.1,0.8,0.0,A,경기도 성남시 분당구 금곡동 217번지,20221010,127.1087488,37.3555941,45.539
MH금광-0013-1U,1.1,1.3,1.0,0.0,A,대림아파트 202동 306동 사이,20210910,127.1630329,37.4431166,98.502
MH수내-0015-1U,1.9,1.9,0.7,0.6,A,경기도 성남시 분당구 수내동 65번지 중앙공원 공동구 중앙사령실 밖 보도,20220606,127.1202072,37.3808115,37.84
MH서현-0024-3B,2.5,2.1,2.1,0.5,A,성남시 분당구 서현동 263지번 서현역세권 AK프라자 뒤 분당스퀘어 앞 2차선 도로(측구),20180407,127.1232371,37.3856897,0.0
MH도촌-0065-1U,1.3,1.3,0.5,0.3,A,성남시 중원구 도촌동 575지번 놀부NBG본사 옆 도로,20071231,127.1509291,37.4157023,0.0
MH정자-0090-1B,3.3,3.3,2.1,0.8,A,성남시 분당구 정자동 189-3 상록 우성324동 앞 도로,20190510,127.1097815,37.3642062,0.0
MH이매-0114-1U,2.6,2.6,1.5,0.4,A,성남시 분당구 이매동 145번지 아름마을 매송중학교 앞 도로건너 보도,20180407,127.1236458,37.3964962,0.0
MH정자-0145-3B,3.8,2.6,2.5,1.2,B,성남시 분당구 정자동 95-1지번 정자역 킨스타워 맞은편 도로,19951231,127.108247,37.3656401,0.0
MH구미-0101-1U,1.0,1.0,0.5,0.0,A,성남시 분당구 구미동 187-1 오리역 한솔체리빌 옆 보증보도,20180806,127.1103777,37.3397608,55.556
MH야탑-0039-4U,1.1,2.2,1.5,1.5,B,성남시 분당구 야탑동 156번지 영남 아파트 501동 뒤보도,19931231,127.1467895,37.4055297,0.0
MH서현-0134-1U,1.7,1.7,0.4,0.2,A,스타벅스앞,20211026,127.1261009,37.3859681,34.844
MH하대-0156-1U,2.4,2.0,0.4,0.4,A,마지로 G9주유소뒤,20200612,127.1405374,37.4281561,59.764
MH구미-0220-0U,2.0,3.0,1.7,0.8,A,항국장애인고용공단 정문 앞,20240903,127.1238646,37.3481759,81.138
MH도촌-0062-1B,2.7,1.7,1.9,0.5,B,성남시 중원구 도촌동 707번지 섬마을 휴먼시아8단지APT 802동뒤 도로,20071231,127.1599607,37.4127979,0.0
MH야탑-0030-3B,3.0,2.1,1.6,0.5,A,성남시 분당구 야탑1동 344-1지번 한국디자인센터 앞 도로,20190510,127.1239538,37.4126169,0.0
MH야탑-0208-0B,3.0,4.0,2.4,0.6,A,야탑7교 삼거리,20240620,127.1376689,37.4077767,0.0
MH이매-0212-0B,4.1,3.4,2.0,0.6,A,,20240403,127.122338,37.3922261,28.515
MH야탑-0079-3B,2.8,7.5,2.8,0.5,B,성남시 분당구 야탑동 555번지 대우자동차 분당정비사업소 건너 탄천 녹지,20180806,127.1199549,37.4150121,0.0
MH태평-0043-3B,2.5,4.5,1.5,1.0,B,성남시 수정구 태평동 7033-1번지 탄천가압장전 고수부지(비행장건너)생태습지4연못,19920831,127.1183196,37.4462751,0.0
MH서현-0083-3B,2.7,2.1,2.2,0.6,A,성남시 분당구 서현동 87지번 시범단지 삼성한신아파트 125동 뒤 도로,19931231,127.1258742,37.3841206,0.0
MH서현-0010-4B,5.1,3.5,4.4,0.6,A,성남시 분당구 서현동 87지번 시범단지 삼성한신아파트 114동 뒤 녹지,19931231,127.1282128,37.384729,0.0
MH야탑-0112-1U,0.9,0.9,0.5,0.0,A,성남시 분당구 야탑동 485-4번지 탄천 종합운동장 앞 횡단보도,20160804,127.1228409,37.4092902,0.0
MH수진-0095-1U,1.5,1.0,0.21,0.3,A,성남시 수정구 수진동 4663지번 삼부APT 101동 105동 사이 도로,20080401,127.1239422,37.4388982,0.0
MH태평-0094-1U,1.5,1.0,0.45,0.35,A,성남시 수정구 수진동 4689지번 삼정APT 진입전 도로 2차선,20080401,127.119924,37.4409913,0.0
MH이매-0049-1B,2.4,2.4,1.5,0.5,B,성남시 분당구 이매동 132번지 아름마을 건영아파트건영아파트 103동 뒤 탄천 녹지,20020430,127.1239865,37.4047781,0.0
MH사송-0040-1B,3.0,2.1,2.01,0.5,B,성남시 수정구 사송동 274-3번지 전철차량기지제방쪽자전거도로,19931231,127.1193156,37.4180495,0.0
MH야탑-0046-3B,3.1,1.9,1.6,0.6,A,성남시 분당구 야탑동 485-12번지 성남탄천종합운동장 매표소 길건너편 보도,20020430,127.1229341,37.409772,0.0
MH야탑-0045-1B,3.0,1.8,2.0,0.5,A,성남시 분당구 야탑동 486 성남탄천종합 운동장 주 경기장 내,20010430,127.1202267,37.4111801,0.0
MH야탑-0026-1B,2.1,2.3,0.9,0.6,A,성남시 분당구 야탑1동 359-1번지 터미널프라자옆보증보도,19951130,127.1265485,37.4121263,0.0
MH야탑-0021-1U,0.0,0.0,0.5,0.0,A,성남시 분당구 야탑1동 354-2번지 동아프라자 옆(여성차병원 건너편 먹자골목),19951130,127.1266136,37.4114835,0.0
MH야탑-0020-3B,2.0,4.1,2.1,0.2,B,성남시 분당구 야탑1동 358-5번지 미고타워 한증막사우나 옆 도로,19951130,127.1282828,37.4099192,0.0
MH서현-0021-4U,2.4,3.2,1.0,0.7,B,성남시 분당구 서현동 266-2번지 서현역세권 퍼스트타워 앞 도로중앙차선(횡단보도 내),19951130,127.1214975,37.3834668,0.0
MH서현-0046-1U,2.4,2.0,0.5,0.7,B,성남시 분당구 서현동 266-2번지 서현역세권 퍼스트타워 건너(KT 대리점) 도로,19951130,127.121574,37.3834477,0.0
MH서현-0022-1U,1.4,1.7,1.6,0.7,B,성남시 분당구 서현동 266-2번지 서현역세권 방향 앞 도로(횡단보도 내),19931231,127.1214585,37.383439,0.0
MH서현-0087-1U,1.0,1.0,0.5,0.3,A,성남시 분당구 서현동 254-1지번 서현역세권 미래에셋(구.대신증권)앞 도로(스타벅스 앞),20080401,127.1232827,37.3882825,0.0
MH이매-0003-1B,3.4,2.0,1.9,0.4,B,성남시 분당구 이매동 122번지 금강아파트 104동 뒤 탄천고수부지,20010430,127.1227779,37.3913339,0.0
MH서현-0047-2B,2.3,3.3,1.2,0.4,B,성남시 분당구 서현동 268-1번지 서현역세권 블루홀빌딩 주차장입구 도로,19980930,127.1229784,37.3840896,0.0
MH서현-0074-1B,2.5,2.6,1.0,0.4,A,성남시 분당구 서현동 91-1번지 서현고등학교 후문 옆 보도,19931231,127.1246085,37.381796,0.0
MH수내-0103-1U,1.0,1.0,1.0,0.4,A,성남시 분당구 수내동 3 분당구청 내 테니스장 옆 보증보도,20140805,127.118861,37.3817873,0.0
MH수내-0034-1U,1.0,1.0,0.8,0.0,A,성남시 분당구 수내동 1 분당구청 본관 앞 도로,20160804,127.1190024,37.3825119,0.0
MH서현-0057-1U,1.2,1.2,2.8,0.0,A,성남시 분당구 서현동 308번지 효자촌 LG아파트 606동 뒤 단지통행로 녹지,19931231,127.1370915,37.3732564,0.0
MH서현-0003-3B,2.6,1.8,3.3,0.2,A,성남시 분당구 서현동 308번지 그린타운 LG APT 610동 어린이 놀이터 옆 보도(투스콘),19931231,127.1309284,37.3752146,0.0
MH서현-0095-1B,3.0,2.3,2.4,0.6,A,성남시 분당구 분당동 92지번 시범단지 현대4차아파트 417동 뒤 보도,19931231,127.1309945,37.3760471,0.0
MH이매-0001-1B,3.2,2.2,2.8,1.7,A,성남시 분당구 이매동 124번지 이매촌 한신아파트 207동 옆 녹지,20100228,127.1265452,37.3869229,0.0
MH이매-0084-3B,6.2,2.9,1.8,1.0,A,성남시 분당구 이매동 123번지 이매촌 청구A 612동 단지밖녹지(성남대로 변),19931231,127.1278901,37.3927523,0.0
MH이매-0085-3B,2.9,2.4,1.0,1.0,A,성남시 분당구 이매동 111번지 이매촌 진흥A 813동 뒤녹지(성남대로 방면),19931231,127.1280068,37.3952981,0.0
MH분당-0026-4B,2.7,3.7,2.4,0.7,B,성남시 분당구 분당동 65-5지번 (하나빌라 앞 도로),19961130,127.135575,37.3707276,0.0
MH서현-0004-3B,2.4,2.2,2.1,1.0,A,성남시 분당구 서현동 299번지 효자촌 현대아파트 111동 옆 보도(투스콘),19931231,127.1331078,37.3768708,0.0
MH분당-0072-4B,3.8,4.0,4.3,2.0,A,성남시 분당구 분당동 95지번 분당동 건영연립 206동 밖 녹지(렉서스분당전시장 건너),20080331,127.1456349,37.373335,0.0
MH구미-0077-1U,1.0,1.0,0.6,0.0,A,성남시 분당구 구미동 202번지 후문 출입구 보도,20160804,127.1144356,37.3379429,53.753
MH금곡-0028-3B,2.4,2.5,4.2,0.7,A,성남시 분당구 금곡동 133지번 청솔주공9단지 아파트 902동 놀이터 단지 밖 보도,19951231,127.1149379,37.3513563,50.472
MH정자-0139-1U,1.0,1.0,0.4,0.3,A,성남시 분당구 정자동 96-2지번 백궁빌딩 옆 부동산 앞 도로,20030530,127.105427,37.3709352,0.0
MH분당-0054-4B,2.5,3.7,2.3,0.5,A,성남시 분당구 분당동 174지번 분당동 동대문교회(구.새롬교회) 옆 버스정류장 화단 내,20160804,127.1431897,37.3660558,0.0
MH서현-0094-1U,1.5,1.5,0.4,0.4,A,"성남시 분당구 서현동 95지번 시범단지 우성프라자 옆 도로(버스정류장 앞, 일방통행)",20140805,127.1325066,37.3774682,0.0
MH서현-0009-1B,2.5,2.6,1.7,0.8,A,성남시 분당구 서현동 91번지 시범단지 한양아파트 316동 뒤 녹지,19931231,127.1272864,37.3798644,0.0
MH분당-0001-3U,1.0,1.7,1.6,0.4,A,성남시 분당구 분당동 114지번 장안중학교 옆 도로 1차선(횡단보도앞),19931231,127.1469183,37.3720164,0.0
MH서현-0005-1B,2.1,2.8,1.4,1.2,A,성남시 분당구 서현동 96지번 시범단지 우성아파트 215동 옆 녹지,19931231,127.1356155,37.379467,0.0
MH서현-0121-2B,3.3,3.3,3.3,3.3,A,성남시 분당구 서현동 284-1지번 시범단지 우성아파트 215동 옆 밖 도로 (서당사거리 부근),20190510,127.135241,37.3799009,0.0
MH서현-0073-4B,5.5,3.8,3.9,1.5,A,성남시 분당구 서현동 292지번 효자촌 임광아파트 310동 뒤 녹지,19931231,127.1378983,37.3774848,0.0
MH서현-0075-1B,2.8,2.0,2.7,0.5,A,성남시 분당구 서현동 299지번 효자촌 현대아파트 109동 옆 탄천법면녹지,19931231,127.1310434,37.3755674,0.0
MH서현-0113-3U,3.2,1.6,1.2,0.4,B,성남시 분당구 서현동 301번지 효자촌 삼환아파트 507동 뒤편 단지 밖 도로,20170810,127.1343632,37.3726454,0.0
MH구미-0116-1U,1.2,1.2,0.7,0.4,A,성남시 분당구 구미동 16지번 성남구미도서관 앞 보도,20071231,127.1076082,37.3457796,68.639
MH수내-0129-1U,1.0,1.0,0.5,0.0,A,성남시 분당구 수내동 126-2지번 푸른마을 수내초등학교 정류장 옆 보도,20180806,127.1243645,37.3684358,0.0
MH수내-0078-1U,1.2,1.8,0.8,1.0,A,성남시 분당구 수내동 6-10 수내역 수내고가차도B 육교 밑 보도,19931231,127.1157165,37.3781403,0.0
MH야탑-0051-1B,2.2,2.1,1.2,0.5,A,성남시 분당구 야탑동 341 야탑고속터미널 앞 택시정류장전20M지점도로,20000331,127.1273257,37.41246,0.0
MH수내-0107-1U,1.2,1.2,0.4,0.7,A,수내역세권 코아빌딩 스타벅스앞,20200806,127.11685,37.3803657,0.0
MH정자-0091-1U,0.9,0.9,0.6,0.2,A,90번지 느티마을 주공4단지 406동 맞은편 보증보도,20200806,127.1124917,37.3674019,0.0
MH야탑-0144-3U,1.7,1.7,0.6,0.4,A,타워빌진입로앞 판교로,20210621,127.1271989,37.4054796,29.825
MH이매-0141-1B,3.0,3.3,2.1,0.4,A,삼성프라자앞 녹지,20210330,127.1252864,37.4048113,28.535
MH구미-0194-1U,2.1,2.1,0.9,0.0,A,하얀마을사거리(450A)매인,20231031,127.1161224,37.3468221,51.705
MH이매-0132-1B,3.5,3.0,1.6,0.5,A,아름마을 건영아파트 건너편 탄천로 보도,20200806,127.1237041,37.4040675,0.0
MH여수-0099-3B,3.4,2.9,1.9,0.4,B,성남시 중원구 여수동 278-22지번 모란역에서 야탑역방향 성남시청 옆 LED전광판 옆,20170810,127.1286129,37.4207762,0.0
